Compound,Date,Negative,Neutral,Positive,Text,Tweets Ago,User
-0.4019,Tue Jun 05 19:25:03 +0000 2018,0.863,0.137,0.0,"'The problem with plastic is that it never goes away. It doesn't decompose. It defies nature.' 
#WorldEnvironmentDay https://t.co/Tkmj9qXzlK",1,@BBC
-0.7184,Tue Jun 05 19:02:05 +0000 2018,0.727,0.273,0.0,"#OurGirl is back and heading to Nigeria in the fight against terror. 

Our Girl | 9pm | @BBCOne |‚Ä¶ https://t.co/epbhcujexD",2,@BBC
0.0,Tue Jun 05 18:02:06 +0000 2018,1.0,0.0,0.0,"üë∂ü•¶ If your child's a fussy eater, here are 5 tips from scientist @Dr_C_Llewellyn. https://t.co/MOhdgXa96t",3,@BBC
0.8221,Tue Jun 05 16:50:46 +0000 2018,0.719,0.0,0.281,RT @BBCTwo: Always wanted to pitch an idea to the stars of #DragonsDen? Well here‚Äôs your chance! Reply to this tweet with your best busines‚Ä¶,4,@BBC
-0.6486,Tue Jun 05 16:31:52 +0000 2018,0.777,0.223,0.0,"üíî Fashion designer Kate Spade, 55, has been found dead in her New York apartment.
üëâ https://t.co/ku2uHiO0Nh https://t.co/sg40Mjbb12",5,@BBC
-0.1531,Tue Jun 05 16:00:22 +0000 2018,0.814,0.11,0.076,‚ôªÔ∏èüóë These protesters want shops to take more responsibility for the overuse of plastic packaging.‚Ä¶ https://t.co/C4YX62DYWU,6,@BBC
0.6369,Tue Jun 05 13:01:07 +0000 2018,0.84,0.0,0.16,"‚ù§Ô∏èüòΩ This man has vowed to be the best 'cat dad' he can be after finding random kittens under his bed. 
üëâ‚Ä¶ https://t.co/fWsKzfv8s3",7,@BBC
0.6696,Tue Jun 05 12:00:22 +0000 2018,0.64,0.0,0.36,"üòÇ These knitted Poldark dolls are the best!
#TheGNShow https://t.co/Mpc1dWzojg",8,@BBC
0.4019,Tue Jun 05 11:12:05 +0000 2018,0.863,0.0,0.137,"RT @BBC_ARoadshow: From artists to explorers, suffragettes to swimmers #antiquesroadshow discovers the pioneering women who have help shape‚Ä¶",9,@BBC
0.0,Tue Jun 05 11:00:07 +0000 2018,1.0,0.0,0.0,"How does plastic actually enter our oceans? 
#WorldEnvironmentDay https://t.co/LdOt9inVFS",10,@BBC
0.0,Tue Jun 05 10:45:52 +0000 2018,1.0,0.0,0.0,RT @BBCBreakfast: Have you got yours yet? #gingeremoji https://t.co/hKwIsLspYC,11,@BBC
0.7096,Tue Jun 05 10:34:07 +0000 2018,0.763,0.0,0.237,RT @bbcthree: 17-year-old Dillon upcycles clothes to help young homeless people feel confident going to school or for job interviews. https‚Ä¶,12,@BBC
0.7506,Tue Jun 05 10:31:20 +0000 2018,0.758,0.0,0.242,"RT @BBCNews: ""I was disabled before it was popular.""

@LostVoiceGuy - aka Lee Ridley - is the first comedian to win Britain's Got Talent.‚Ä¶",13,@BBC
0.0,Tue Jun 05 10:21:33 +0000 2018,1.0,0.0,0.0,"üé®üôå Middle-earth in colour: How Tolkien drew his fantasy universe.
üëâ https://t.co/z754byqVpR https://t.co/Jr6PnQWvIU",14,@BBC
0.0,Tue Jun 05 09:34:23 +0000 2018,1.0,0.0,0.0,"It's time to think about our plastic behaviour.
#WorldEnvironmentDay https://t.co/kSzSawpYLv",15,@BBC
0.0,Tue Jun 05 08:01:03 +0000 2018,1.0,0.0,0.0,Some of Arthur C Clarke's predictions about the future were bang on... https://t.co/6M7UJv6Mmh,16,@BBC
-0.5719,Tue Jun 05 07:29:04 +0000 2018,0.654,0.346,0.0,"üìé The psychology of stealing office supplies. 
üëâ https://t.co/vfXaRVYcwU https://t.co/zoPWJRXVtO",17,@BBC
0.0,Tue Jun 05 07:00:11 +0000 2018,1.0,0.0,0.0,üí§ Ever wondered what your brain is up to while you're dreaming? https://t.co/2JHc0lFKbS,18,@BBC
-0.5707,Mon Jun 04 19:03:02 +0000 2018,0.822,0.178,0.0,"Versailles is back! Tonight, Madame de Montespan finds out how to hurt a former friend...  

#Versailles | 9pm |‚Ä¶ https://t.co/5nEGyPoAp6",19,@BBC
-0.4767,Mon Jun 04 18:31:05 +0000 2018,0.829,0.171,0.0,"The story of a group of working-class women conducting a dangerous campaign for the vote.

Suffragettes with‚Ä¶ https://t.co/RKwQbGQMdu",20,@BBC
-0.5859,Mon Jun 04 18:02:05 +0000 2018,0.769,0.231,0.0,The moment a dancing off-duty FBI agent drops his gun performing backflip and accidentally shoots man in leg. https://t.co/FIu2mCjlyP,21,@BBC
0.0,Mon Jun 04 17:01:13 +0000 2018,1.0,0.0,0.0,"üì∏ From #Manhattanhenge to the world's largest freshwater pearl, here are some of the most striking news photos take‚Ä¶ https://t.co/5Tp0s3MG7n",22,@BBC
0.0,Mon Jun 04 16:01:04 +0000 2018,1.0,0.0,0.0,"ü§∑‚Äç‚ôÄÔ∏èüòÇ When @CubaGoodingJr took over @BBCBreakfast.
 https://t.co/XSPs0MOKoN",23,@BBC
-0.4215,Mon Jun 04 13:03:05 +0000 2018,0.851,0.149,0.0,"üßî Bearded men have been taking pictures of themselves from below and it's freaking people out...
üëâ‚Ä¶ https://t.co/FQ9t0swX2t",24,@BBC
0.5411,Mon Jun 04 12:34:04 +0000 2018,0.83,0.0,0.17,RT @bbcdoctorwho: Every episode of #DoctorWho since 2005 is now available to watch on @BBCiPlayer‚Ä¶ Enjoy! https://t.co/uNWq307bei https://t‚Ä¶,25,@BBC
0.6369,Mon Jun 04 12:01:05 +0000 2018,0.743,0.0,0.257,"‚ù§Ô∏è Ethan Hawke will be forever grateful to Robin Williams for helping launch his career.
#TheGNShow https://t.co/uYMvKQvuev",26,@BBC
0.0,Mon Jun 04 11:05:00 +0000 2018,1.0,0.0,0.0,"Would you describe yourself as a feminist?

#HearHer https://t.co/4UZzAu2IRO",27,@BBC
0.8774,Mon Jun 04 10:18:03 +0000 2018,0.643,0.0,0.357,"RT @BBCSpringwatch: Surely this is the only way to react to chicks fledging?! üòÇ We sure are excited here at #Springwatch HQ! 

Thanks for c‚Ä¶",28,@BBC
0.7263,Mon Jun 04 08:00:15 +0000 2018,0.483,0.135,0.381,"üí° Brilliant idea! 

Plastic waste is being being recycled in to amazing furniture. https://t.co/cb0lSVhAFX",29,@BBC
0.0,Mon Jun 04 07:24:07 +0000 2018,1.0,0.0,0.0,"üìö Every story in the world has one of these six basic plots. 
üëâ https://t.co/eoZXHpOX4q https://t.co/YC6oLjIn1O",30,@BBC
0.2006,Mon Jun 04 07:00:15 +0000 2018,0.715,0.119,0.166,üì∏ü¶ä This photographer captures foxes in their most natural of habitats - the darkness. https://t.co/bkNUknwSAC,31,@BBC
-0.296,Sun Jun 03 20:42:07 +0000 2018,0.864,0.136,0.0,RT @BBCTwo: Here's why @MrNishKumar wants The Spice Girls to stop right now. üòÇ #LiveAtTheApollo https://t.co/Beqy2kfFah,32,@BBC
0.0,Sun Jun 03 20:03:08 +0000 2018,1.0,0.0,0.0,"A documentary about the trial of Jeremy Thorpe, which has remained unseen for nearly 40 years. 

The Jeremy Thorpe‚Ä¶ https://t.co/jLEcBHG1Cx",33,@BBC
0.3818,Sun Jun 03 19:02:06 +0000 2018,0.867,0.0,0.133,"Comedian @frankieboyle is heading to Russia before the World Cup tournament begins. 

Frankie Goes to Russia | 9pm‚Ä¶ https://t.co/moLB9EGm1Q",34,@BBC
0.0,Sun Jun 03 18:03:06 +0000 2018,1.0,0.0,0.0,"Meet the bees who make their own cologne! üêùüá≤üáΩ

https://t.co/wGqJoNINS2",35,@BBC
0.0,Sun Jun 03 17:04:02 +0000 2018,1.0,0.0,0.0,"ü¶Å Be a zoo keeper for the day
üö≤ Ride a bicycle made for two 
ü¶à Swim with sharks 

An eight-year-old boy has created‚Ä¶ https://t.co/PkrSoRzoXB",36,@BBC
0.0516,Sun Jun 03 16:10:18 +0000 2018,0.818,0.086,0.095,"ü¶ãüè∞üé• Lotte Reiniger, a forgotten pioneer of animation, was the first person to create an animated feature film in co‚Ä¶ https://t.co/GKBkpKVFjt",37,@BBC
0.4574,Sun Jun 03 15:06:04 +0000 2018,0.572,0.0,0.428,"üíç‚ù§Ô∏è Guess that's a yes!
https://t.co/xLR4N7qtaZ",38,@BBC
0.4404,Sun Jun 03 13:03:08 +0000 2018,0.828,0.0,0.172,Cow cuddling is the new wellness trend coming to a field near you... üêÆüíï https://t.co/jEwRFBzUJe https://t.co/zUzKHQ69oU,39,@BBC
0.632,Sun Jun 03 13:00:15 +0000 2018,0.812,0.0,0.188,RT @BBCOne: This audience member made Aidan Turner his own knitted Poldark doll - and it's so cute! #TheGNShow https://t.co/94h7BfhoPk,40,@BBC
0.0,Sun Jun 03 12:03:08 +0000 2018,1.0,0.0,0.0,The one and only Jeff Goldblum reveals how to do 'the look' that every Jurassic Park actor does when they first see‚Ä¶ https://t.co/H8dOEmsDMr,41,@BBC
0.5994,Sun Jun 03 11:03:08 +0000 2018,0.83,0.0,0.17,These beautiful black and white photographs of London remained hidden in a loft for 30 years before they were disco‚Ä¶ https://t.co/F4PDR8kW81,42,@BBC
0.743,Sun Jun 03 10:30:00 +0000 2018,0.751,0.0,0.249,"The Queen loves the Highland pony and has set up a breeding programme to ensure they continue to survive. ‚ù§Ô∏è 

Coun‚Ä¶ https://t.co/S7fUN1WmK0",43,@BBC
0.8271,Sun Jun 03 10:04:05 +0000 2018,0.508,0.0,0.492,"These adorable baby hares snuggle together for warmth and comfort. üê∞üíï
https://t.co/LgJsY4XuHD",44,@BBC
0.0,Sun Jun 03 08:03:02 +0000 2018,1.0,0.0,0.0,"This incredible cafe is run by teenagers with autism. ‚òïÔ∏èüç∞ü•™

https://t.co/D6HJgLYXxa",45,@BBC
0.5719,Sun Jun 03 07:32:06 +0000 2018,0.674,0.094,0.232,"Intuition has fallen out of favour in an age of rational, analytical thinking. But should you still trust your gut?‚Ä¶ https://t.co/pl8SydpXfy",46,@BBC
0.0,Sun Jun 03 07:04:03 +0000 2018,1.0,0.0,0.0,"Remembering the people of Bunce Island, who were sold into the British slave trade. 

https://t.co/HV5AWuWA29",47,@BBC
0.5574,Sun Jun 03 06:31:32 +0000 2018,0.695,0.076,0.228,RT @bbcweather: Today will be fine and warm with plenty of sunshine for the majority of the country apart for an isolated heavy shower. Sco‚Ä¶,48,@BBC
0.0,Sat Jun 02 19:10:08 +0000 2018,1.0,0.0,0.0,"Women are more likely to wait longer for a health diagnosis and to be told it‚Äôs ‚Äòall in their heads‚Äô.
üëâ‚Ä¶ https://t.co/9u3Pb6hQpT",49,@BBC
0.4215,Sat Jun 02 19:02:05 +0000 2018,0.833,0.0,0.167,"A once-in-a-lifetime conversation with Eileen Atkins, Judi Dench, Maggie Smith and Joan Plowright. ‚ú®

Nothing Like‚Ä¶ https://t.co/JxH075mKLm",50,@BBC
0.0,Sat Jun 02 17:29:00 +0000 2018,1.0,0.0,0.0,"Not long to go now...‚öΩÔ∏è

#HistoryWillBeMade https://t.co/Q2BX0nK5vg",51,@BBC
0.296,Sat Jun 02 17:05:04 +0000 2018,0.779,0.086,0.135,A project to provide free sanitary products to women from low income households in Aberdeen is to be rolled out acr‚Ä¶ https://t.co/wfdK5nWCsC,52,@BBC
-0.3612,Sat Jun 02 17:04:03 +0000 2018,0.737,0.263,0.0,üçΩÔ∏èü§£ When you‚Äôre too polite to complain. https://t.co/CrzNNixuaY,53,@BBC
0.0,Sat Jun 02 16:04:07 +0000 2018,1.0,0.0,0.0,üåèüí´ 13.8 billion years of our universe's history packed into four minutes. https://t.co/EBGmVry69j,54,@BBC
0.9337,Sat Jun 02 15:46:29 +0000 2018,0.498,0.0,0.502,RT @BBCShakespeare: Turns out even #Shakespeare acting legends love a good get together. üé≠ Tag those special friends you share everything w‚Ä¶,55,@BBC
-0.3412,Sat Jun 02 15:02:06 +0000 2018,0.862,0.138,0.0,"Anthony Hopkins. Emma Thompson. William Shakespeare...

üëë It really doesn't get much better than this.  
#KingLear https://t.co/wQBYFQIIlf",56,@BBC
-0.7845,Sat Jun 02 14:04:04 +0000 2018,0.723,0.277,0.0,"üì± Are health apps actually bad for your health?

'The danger is when we reduce our self-worth to a number.'
üëâ‚Ä¶ https://t.co/AOWkdvf3TY",57,@BBC
0.0,Sat Jun 02 13:09:14 +0000 2018,1.0,0.0,0.0,"RT @BBCSpringwatch: BREAKING NEWS! üö®

Our wrens have started to fledge the nest üòç Stay up to date at https://t.co/gIA23qZAHX
#Springwatch h‚Ä¶",58,@BBC
-0.4767,Sat Jun 02 13:01:05 +0000 2018,0.829,0.171,0.0,"In 1966, a group of schoolchildren made some sad and uncannily accurate predictions about the future. https://t.co/gNGkpeyoZ9",59,@BBC
0.4939,Sat Jun 02 12:02:03 +0000 2018,0.849,0.0,0.151,"ü§îüëî This men's T-shirt shirt is selling for ¬£935 and it's left loads of people pretty baffled.
üëâ‚Ä¶ https://t.co/yONjwKqdkz",60,@BBC
0.0,Sat Jun 02 11:06:03 +0000 2018,1.0,0.0,0.0,ü¶Ü Swans have been borrowing items from @SteveBackshall to build their nests for the last few years.  https://t.co/d5S5PG9Ygi,61,@BBC
0.4199,Sat Jun 02 09:00:14 +0000 2018,0.782,0.0,0.218,"üì∏üê∂ Call the puparazzi, these divas are ready to shine! üíéhttps://t.co/zYrpgXF69z",62,@BBC
0.0,Sat Jun 02 08:01:03 +0000 2018,1.0,0.0,0.0,"üôå‚ù§Ô∏è Take us back to @NiallOfficial at #BiggestWeekend.

There's still time to catch up on this incredible set + lot‚Ä¶ https://t.co/sP2h8cjgsw",63,@BBC
-0.4019,Sat Jun 02 07:51:56 +0000 2018,0.881,0.119,0.0,"RT @bbcmusic: We knew @TaylorSwift13 was trouble when she touched down in Swansea üòÖüòç

Watch her showstopping @BBCR1 #BiggestWeekend set in‚Ä¶",64,@BBC
0.0,Fri Jun 01 19:06:04 +0000 2018,1.0,0.0,0.0,üé§‚ù§Ô∏è #BTS are on the lips and screens of fans everywhere as the #Kpop band smash records in real life and on social‚Ä¶ https://t.co/h7KwxeZQm5,65,@BBC
0.0,Fri Jun 01 18:01:07 +0000 2018,1.0,0.0,0.0,üòà Cute...but deadly. https://t.co/lhpd0watrN,66,@BBC
0.0,Fri Jun 01 16:33:00 +0000 2018,1.0,0.0,0.0,Leaving work on a Friday like... üëãüíÉ#FridayFeeling @Camila_Cabello https://t.co/oJUssdSPfb,67,@BBC
0.0,Fri Jun 01 16:04:04 +0000 2018,1.0,0.0,0.0,üß†üéû A film where the plot changes depending on the viewer‚Äôs brain activity has been developed. https://t.co/7UCYCO7Xyz,68,@BBC
0.4588,Fri Jun 01 15:29:31 +0000 2018,0.842,0.0,0.158,RT @BBCScotland: Watch one of Scotland's best-known structures appear from the mist in this stunning timelapse https://t.co/h0mUFTKcmQ,69,@BBC
0.6249,Fri Jun 01 14:24:40 +0000 2018,0.797,0.0,0.203,"RT @bbcgetinspired: Meet the Nawaz family and hear how #SuperMovers is helping them get a better night‚Äôs sleep. 

Remember to check out Sup‚Ä¶",70,@BBC
0.1779,Fri Jun 01 13:00:21 +0000 2018,0.7,0.115,0.185,"A natural hair dye based on the blackcurrant waste from the production of Ribena has been created by scientists.
üëâ‚Ä¶ https://t.co/4e001z6rPc",71,@BBC
0.5719,Fri Jun 01 12:32:03 +0000 2018,0.684,0.0,0.316,"Smithy knows how to celebrate #nationalfishandchipday properly. üòÇüçü

https://t.co/FFV75BsW0Q",72,@BBC
0.0,Fri Jun 01 12:01:05 +0000 2018,1.0,0.0,0.0,"üåΩüçîüåÆ Vegan junk food, anyone? 
#MillionPoundMenu https://t.co/MY5i9Xph5H",73,@BBC
0.0772,Fri Jun 01 11:10:46 +0000 2018,0.947,0.0,0.053,RT @BBCTwo: Want to learn some quick Swedish and Danish? Here‚Äôs the cast of #TheBridge with some everyday phrases you might need‚Ä¶ ‚ò†üò± https:‚Ä¶,74,@BBC
-0.2732,Fri Jun 01 11:00:16 +0000 2018,0.791,0.136,0.073,üò¢ @NatGeoMag has published a selection of startling photos highlighting the vast amounts of discarded plastic choki‚Ä¶ https://t.co/vdjw1nnW36,75,@BBC
0.0,Fri Jun 01 10:28:25 +0000 2018,1.0,0.0,0.0,"RT @BBCBreakfast: Come on then, who wants to get their hands on the world's largest freshwater pearl? üôãüôã‚Äç‚ôÇÔ∏è https://t.co/C0QV5sHSRx",76,@BBC
0.0,Fri Jun 01 10:01:36 +0000 2018,1.0,0.0,0.0,"üé∂ Won‚Äôt you listen to the man that‚Äôs‚Ä¶ reading you a #BedtimeStory! 
 
üìö Catch @george_ezra tonight on #CBeebies! https://t.co/mcCzqePrQ7",77,@BBC
0.0,Fri Jun 01 08:20:46 +0000 2018,1.0,0.0,0.0,"RT @BBC6Music: Which Biggest Weekend sets will you be watching back on iPlayer?

We asked Neneh (@misscherrylala), @Hanpeel, @Franz_Ferdina‚Ä¶",78,@BBC
0.0,Fri Jun 01 08:00:05 +0000 2018,1.0,0.0,0.0,"This guy is INCREDIBLE üòÇ
#Hardball https://t.co/HiI4Uxe5TZ",79,@BBC
0.0,Fri Jun 01 07:33:03 +0000 2018,1.0,0.0,0.0,The 1960s counterculture fuelled an artistic explosion in the US ‚Äì but were the flower children merely privileged?‚Ä¶ https://t.co/T81ZRLcQQr,80,@BBC
0.3182,Fri Jun 01 07:00:15 +0000 2018,0.496,0.198,0.306,Is individualism to be celebrated or lamented? https://t.co/85gs317qM5,81,@BBC
-0.7003,Thu May 31 19:02:02 +0000 2018,0.734,0.266,0.0,"'There's nothing a man can do that a woman cannot do'. 

Meet the Nigerian girls fighting out of poverty. ü•ä

https://t.co/d0fm8HShEK",82,@BBC
0.6041,Thu May 31 18:03:07 +0000 2018,0.768,0.0,0.232,"Did @PanicAtTheDisco's @BrendonUrie just reveal he was almost in The Greatest Showman? üò±üé∂

https://t.co/7YXvyrTfHw",83,@BBC
0.6369,Thu May 31 17:02:06 +0000 2018,0.769,0.0,0.231,"üòç A baby tamandua called Poco has been born at @ZSLLondonZoo and we're in love. 
üëâ https://t.co/RM8LMd1PXm https://t.co/vI4Jkn6iVG",84,@BBC
0.0,Thu May 31 16:03:03 +0000 2018,1.0,0.0,0.0,"Introducing: the little owl! ü¶â üíö

Less nocturnal than other owls, you can often see these birds during the day.

https://t.co/Tn8nNXr5Wd",85,@BBC
-0.3612,Thu May 31 15:57:37 +0000 2018,0.865,0.135,0.0,"RT @bbcthree: We asked people how debt has made them feel. 

More #debtweek content here: https://t.co/UJmBR9F7ij https://t.co/eEycLWdPlu",86,@BBC
0.0,Thu May 31 15:34:05 +0000 2018,1.0,0.0,0.0,"RT @BBCSport: #AnnounceVR = ‚úÖ

#AnnounceUltraHD = ‚úÖ 

#bbcworldcup #worldcup https://t.co/PQuzRhjh7L",87,@BBC
0.3612,Thu May 31 15:34:00 +0000 2018,0.8,0.0,0.2,This is what London looked like 2000 years ago.  #LondonHistoryDay https://t.co/oR66LdjZfs,88,@BBC
-0.4019,Thu May 31 15:27:30 +0000 2018,0.891,0.109,0.0,"RT @BBC3CR: For the first time in the history of Luton International Carnival, a group of blind and visually impaired people have taken par‚Ä¶",89,@BBC
0.0,Thu May 31 15:02:07 +0000 2018,1.0,0.0,0.0,"""Goodbye my friend..."" üá¨üáß üß°

On this day 20 years ago, @GeriHalliwell announced that she was leaving the Spice Girl‚Ä¶ https://t.co/NZtZJfNyBF",90,@BBC
0.1027,Thu May 31 13:59:09 +0000 2018,0.897,0.0,0.103,üéßüé§ South Korean boy band @BTS_twt have this week become the first #Kpop artists to reach number one on the US album‚Ä¶ https://t.co/pb9roPNAKU,91,@BBC
0.6908,Thu May 31 13:03:35 +0000 2018,0.778,0.0,0.222,"RT @BBCR1: Who's been enjoying @AdeleRoberts' Tune of the Week from @BTS_twt? üòç

Make sure you're listening tomorrow morning to hear her pl‚Ä¶",92,@BBC
-0.8176,Thu May 31 13:03:02 +0000 2018,0.584,0.374,0.043,"'No one's life should end because of debt.'
A debt counsellor writes: 'No matter how big the problem, there's alway‚Ä¶ https://t.co/DNgWWkaTFN",93,@BBC
0.0,Thu May 31 12:09:57 +0000 2018,1.0,0.0,0.0,"Will you marry me? üíç 
Will you marry me? üíç

This double marriage proposal video gives us all the feels. https://t.co/xLR4N7qtaZ",94,@BBC
0.0,Thu May 31 12:05:02 +0000 2018,1.0,0.0,0.0,"When a hedgehog causes carnage. üòÇü¶î #CarShare @peterkay_co_uk
https://t.co/8gbgEKhFqf",95,@BBC
0.743,Thu May 31 11:00:15 +0000 2018,0.704,0.0,0.296,"üòãüçΩ Feast your eyes on fantastic, healthy lunch recipes to keep you fuller for longer.
üëâ https://t.co/qfzdu7Umdp https://t.co/iWjOuhR8dE",96,@BBC
-0.6705,Thu May 31 10:01:31 +0000 2018,0.8,0.2,0.0,"Japanese hunters caught and killed 122 pregnant minke whales as part of its Antarctic summer 'field survey'.
üëâ‚Ä¶ https://t.co/vZxb1v7EGc",97,@BBC
0.0,Thu May 31 09:23:26 +0000 2018,1.0,0.0,0.0,"RT @BBCR1: ‚ö°Ô∏è ‚ÄúNick Grimshaw and Greg James to swap Radio 1 shows‚Äù

https://t.co/mUcM0Nkrpo",98,@BBC
0.0,Thu May 31 08:52:40 +0000 2018,1.0,0.0,0.0,RT @bbcpress: üìª BREAKING: @Grimmers and @GregJames to swap @BBCR1 shows. Greg will be the new host of @R1Breakfast from this Autumn: https:‚Ä¶,99,@BBC
0.765,Thu May 31 08:00:14 +0000 2018,0.742,0.0,0.258,"‚ù§Ô∏è David, a chauffeur of over 25 years, discovers a shared love of motors with 4 year old Leo, who's on the autism‚Ä¶ https://t.co/e26favMTTV",100,@BBC
0.3595,Wed Jun 06 00:08:30 +0000 2018,0.872,0.0,0.128,"RT @CBSThisMorning: .@SaraBareilles and @joshgroban are hosting this Sunday's @TheTonyAwards on @CBS! 

Wednesday, they'll join us LIVE on‚Ä¶",1,@CBS
-0.4404,Tue Jun 05 22:23:35 +0000 2018,0.723,0.177,0.1,"RT @SU2C: SU2C telecast Co-Executive Producer Bradley Cooper sits down with Mitch Carbon, a pediatric cancer survivor who benefited from #S‚Ä¶",2,@CBS
0.4574,Tue Jun 05 22:12:28 +0000 2018,0.824,0.0,0.176,RT @StrangeAngel: About last night... The #StrangeAngel screening party was a blast! Pun intended. üöÄüòè https://t.co/m64EcNmweY,3,@CBS
0.5093,Tue Jun 05 19:00:02 +0000 2018,0.845,0.0,0.155,These CBS stars can really belt it out! Find out which celebs from your favorite shows are pitch-perfect:‚Ä¶ https://t.co/X4zMACFazB,4,@CBS
0.0,Tue Jun 05 15:04:41 +0000 2018,1.0,0.0,0.0,"More stars are set to appear at the #TonyAwards, including @billyjoel, @amyschumer, and @katharinemcphee. See who e‚Ä¶ https://t.co/lPUocBcn9t",5,@CBS
0.0,Mon Jun 04 17:00:00 +0000 2018,1.0,0.0,0.0,"The #TonyAwards are just days away, and @joshgroban and @SaraBareilles will bring all they've got to Broadway's Big‚Ä¶ https://t.co/eKkWn6ClSq",6,@CBS
-0.3903,Fri Jun 01 17:39:17 +0000 2018,0.807,0.131,0.062,"Call us old-fashioned, but we donut want you missing out on #NationalDonutDay! Here are a few treats from us to you‚Ä¶ https://t.co/HpzN8bQ3SO",7,@CBS
0.8442,Fri Jun 01 17:00:03 +0000 2018,0.664,0.0,0.336,Remember @Lin_Manuel‚Äôs beautiful sonnet from the 70th Annual Tony Awards¬Æ? Relive some of the greatest moments in‚Ä¶ https://t.co/IZjeQLd58C,8,@CBS
0.8932,Thu May 31 23:50:00 +0000 2018,0.545,0.0,0.455,"Good friends @joshgroban and @SaraBareilles are hosting the #TonyAwards together? Well, this is bound to be fun! https://t.co/26Vgzp0s2e",9,@CBS
0.4926,Wed May 30 15:07:34 +0000 2018,0.849,0.0,0.151,"The #TonyAwards just got even better because @UzoAduba, @MattBomer, and more stars will be presenting live! Find ou‚Ä¶ https://t.co/hfFBtWo1T9",10,@CBS
0.0,Mon May 28 21:00:01 +0000 2018,1.0,0.0,0.0,"Mark your calendars. @SalvationCBS returns Monday, June 25 at 9/8c! ‚òÑÔ∏è https://t.co/N9pYuhYLRF",11,@CBS
0.0,Mon May 28 02:08:19 +0000 2018,1.0,0.0,0.0,RT @thegoodfight: All episodes of season 2 are now available. Stream #TheGoodFight on CBS All Access: https://t.co/k3tn8kR9KC https://t.co/‚Ä¶,12,@CBS
0.6239,Wed May 23 23:07:38 +0000 2018,0.789,0.0,0.211,Get the popcorn ready! üçø  It's going to be an unforgettable @survivorcbs finale. Make sure to tune in TONIGHT at 8/‚Ä¶ https://t.co/vp0JyqfXMQ,13,@CBS
0.5859,Wed May 23 19:02:43 +0000 2018,0.826,0.0,0.174,"RT @StrangeAngel: Every brilliant mind has a dark side. #StrangeAngel launches June 14, only on CBS All Access. https://t.co/y0MZg1BzEB htt‚Ä¶",14,@CBS
0.1139,Tue May 22 23:19:40 +0000 2018,0.917,0.0,0.083,Prepare yourself. The @NCIS_CBS season finale is unlike any other. Don't miss it TONIGHT at 8/7c. https://t.co/MOH6uiFc0C,15,@CBS
0.0,Tue May 22 20:02:22 +0000 2018,1.0,0.0,0.0,"Summer heats up with @CBSBigBrother, @SalvationCBS, and the brand-new competition series @TKOCBS. Find out when you‚Ä¶ https://t.co/DxE7OnKs17",16,@CBS
0.0,Mon May 21 23:00:01 +0000 2018,1.0,0.0,0.0,Who‚Äôs going to be watching the season finale of @ManWithAPlan tonight? RT if you'll be tuning in at 8:30/7:30c! https://t.co/ARLRtVuGuc,17,@CBS
0.3382,Sun May 20 20:00:00 +0000 2018,0.808,0.061,0.131,The season finale of @MadamSecretary will leave you speechless! Make sure to tune in tonight at 10/9c. https://t.co/hqxkLZsWpl,18,@CBS
0.1867,Sun May 20 17:00:01 +0000 2018,0.92,0.0,0.08,The @NCISLA season finale is going to be a wild ride. Don't miss all of the action starting TONIGHT at 8/7c! https://t.co/PNtUuVf9VQ,19,@CBS
0.4199,Sat May 19 08:00:01 +0000 2018,0.715,0.0,0.285,Retweet if you're ready for the #RoyalWedding! https://t.co/k57NM7OrXn,20,@CBS
0.0,Fri May 18 21:00:01 +0000 2018,1.0,0.0,0.0,It's going down (literally) on the Season Finale of @HawaiiFive0CBS when a submarine appears off the coast of Waiki‚Ä¶ https://t.co/oD7Le5XUz6,21,@CBS
0.3595,Fri May 18 14:00:03 +0000 2018,0.849,0.0,0.151,"The #RoyalWedding is finally here, and you're invited! Join @CBSThisMorning‚Äôs @GayleKing and @etnow‚Äôs @KevinFrazier‚Ä¶ https://t.co/Q5xiRkXLUz",22,@CBS
0.7177,Thu May 17 23:44:27 +0000 2018,0.715,0.0,0.285,When the @LifeInPiecesCBS season finale is back-to-back episodes. üëè Get ready for double the laughs at 9/8c! https://t.co/SYW5UzXobv,23,@CBS
0.1867,Thu May 17 21:19:59 +0000 2018,0.907,0.0,0.093,Rules were made to be broken.üí• Don't miss the heart-pounding season finale of @swatcbs TONIGHT at 10/9c! https://t.co/NXLbeIrvcp,24,@CBS
0.0,Thu May 17 19:12:51 +0000 2018,1.0,0.0,0.0,"Is it fall yet? Check out the first looks at our new fall shows and stars from the CBS Upfront!

https://t.co/l7GQVRzRFw",25,@CBS
0.5562,Thu May 17 13:00:00 +0000 2018,0.854,0.0,0.146,How many shows can you binge in a month? Find out with a 1 month free trial of CBS All Access! Use code STREAMITALL‚Ä¶ https://t.co/yccQppCaxC,26,@CBS
0.75,Thu May 17 00:00:00 +0000 2018,0.758,0.0,0.242,"Save the dates! The CBS Fall lineup is here, and we're welcoming six new shows in addition to returning hits. Which‚Ä¶ https://t.co/f9PSQfpHL7",27,@CBS
0.5574,Wed May 16 22:56:24 +0000 2018,0.841,0.0,0.159,What happens when the friendliest guy in the Midwest moves his family next door to a not-so-friendly new LA neighbo‚Ä¶ https://t.co/KtEoNE3deL,28,@CBS
0.3802,Wed May 16 22:56:24 +0000 2018,0.89,0.0,0.11,"When @MurphyBrownCBS returns to the news world, things sure won't be what they used to be! The revival of the groun‚Ä¶ https://t.co/jJcgyqyDxL",29,@CBS
0.34,Wed May 16 22:56:23 +0000 2018,0.888,0.0,0.112,"When decorated former Navy SEAL Thomas Magnum returns home to Hawaii, he embarks on a new mission: solving cases in‚Ä¶ https://t.co/6n2MWY3c2f",30,@CBS
0.5859,Wed May 16 22:56:23 +0000 2018,0.826,0.0,0.174,The ordinary turns extraordinary for this suburban couple when an exuberant young pop star unexpectedly moves in wi‚Ä¶ https://t.co/9xaAUSm5nm,31,@CBS
0.8398,Wed May 16 22:56:23 +0000 2018,0.6,0.0,0.4,An outspoken atheist's life takes a surprising turn when he accepts a social media friend request from God! Watch w‚Ä¶ https://t.co/EbVbL0SNDk,32,@CBS
-0.4588,Wed May 16 22:56:23 +0000 2018,0.577,0.26,0.163,"When danger threatens the nation, these elite agents risk their lives to keep it safe. Join them on the case when n‚Ä¶ https://t.co/LuSY0jXBf9",33,@CBS
0.0,Wed May 16 22:56:22 +0000 2018,1.0,0.0,0.0,Meet the new shows coming to CBS this fall!,34,@CBS
0.7777,Wed May 16 21:46:07 +0000 2018,0.764,0.0,0.236,So much TV to love! ‚ù§Ô∏è Be sure to follow the shows of the CBS 2018-2019 primetime lineup and stay up-to-date on the‚Ä¶ https://t.co/lQwGtznj5i,35,@CBS
0.296,Wed May 16 18:05:27 +0000 2018,0.905,0.0,0.095,"Every mission leaves its mark. Join us in the final mission to avenge Echo Team's deaths, tonight at 9/8c during th‚Ä¶ https://t.co/SlfprTVDgD",36,@CBS
0.6369,Wed May 16 13:52:57 +0000 2018,0.766,0.0,0.234,"Get ready for three new comedies, five new dramas and the return of the critically acclaimed @MurphyBrownCBS. Here'‚Ä¶ https://t.co/alHwUTRFKh",37,@CBS
0.46,Wed May 16 13:24:14 +0000 2018,0.857,0.0,0.143,"RT @happytogether: When an international pop star moves into your house, life gets a little more interesting! @wayansjr, @AmberoniStevens a‚Ä¶",38,@CBS
0.8122,Wed May 16 13:23:26 +0000 2018,0.67,0.0,0.33,"RT @TheNeighborhood: You can‚Äôt pick your neighbors, but Calvin sure wishes he could! @CedEntertainer stars in the new comedy #TheNeighborho‚Ä¶",39,@CBS
-0.2057,Tue May 15 20:16:38 +0000 2018,0.821,0.109,0.07,Tonight's the night - Agent Dwayne Pride's fate will be revealed. Don't miss the special two-hour season finale of‚Ä¶ https://t.co/52amkSiNcA,40,@CBS
0.4199,Mon May 14 20:59:11 +0000 2018,0.859,0.0,0.141,"Donuts down, hands up! Get ready for a dramatic turn on the finale of @SuperiorDonuts TONIGHT at 9/8c. üç©https://t.co/f5VSqOlRYu",41,@CBS
0.0,Mon May 14 18:17:23 +0000 2018,1.0,0.0,0.0,"RT @MagnumPICBS: Thomas Magnum is back on the case! @jay_hernandez stars in #MagnumPI, coming to #CBS. https://t.co/R1aURqMawD",42,@CBS
0.4939,Mon May 14 18:16:12 +0000 2018,0.856,0.0,0.144,"RT @GodFriendedMe: You never know who's going to send you a friend request. #GodFriendedMe, the new drama series starring @hall_m_brandon a‚Ä¶",43,@CBS
-0.3612,Mon May 14 18:15:36 +0000 2018,0.878,0.122,0.0,RT @TheRedLineCBS: Three Chicago families‚Äô lives converge in the wake of a mistaken shooting. From acclaimed producers @ava and @GBerlanti‚Ä¶,44,@CBS
0.6476,Mon May 14 18:15:08 +0000 2018,0.674,0.082,0.243,"RT @FamCBS: No family is perfect, especially this #FAM! @ninadobrev, @toneBell and @odessaadlon star in the new #CBS comedy #FAM. https://t‚Ä¶",45,@CBS
0.9081,Mon May 14 18:14:46 +0000 2018,0.592,0.0,0.408,"RT @TheCodeCBS: Their code is honor, courage and commitment. They pursue military justice at home and abroad. #TheCode coming to #CBS. http‚Ä¶",46,@CBS
-0.762,Mon May 14 18:14:22 +0000 2018,0.586,0.303,0.111,RT @FBICBS: Meet the FBI agents who are investigating the most dangerous cases threatening our nation. From Emmy Winner Dick Wolf and the t‚Ä¶,47,@CBS
0.3612,Mon May 14 18:13:58 +0000 2018,0.8,0.0,0.2,RT @MurphyBrownCBS: The ground-breaking comedy returns. #MurphyBrown coming to #CBS. https://t.co/di8GXoVPjh,48,@CBS
0.0,Mon May 14 14:42:00 +0000 2018,0.696,0.152,0.152,RT @StrangeAngel: Play with fire. üî• #StrangeAngel launches June 14 on #CBSAllAccess. https://t.co/xiFSkVz1vB https://t.co/Aw3kGeHyj4,49,@CBS
0.7351,Sun May 13 13:16:14 +0000 2018,0.721,0.0,0.279,"Happy #MothersDay to the moms who comfort us, understand us, and keep us centered. We ‚ù§Ô∏è you. https://t.co/4YDmZrTGIC",50,@CBS
0.7245,Fri May 11 23:00:40 +0000 2018,0.748,0.0,0.252,The more the merrier! CBS has ordered five more shows that just might become your new favorites next season:‚Ä¶ https://t.co/2g5OSj2xPu,51,@CBS
0.128,Fri May 11 20:55:08 +0000 2018,0.791,0.09,0.119,Thinking about the @BlueBloods_CBS season finale like‚Ä¶ Don‚Äôt miss the surprising reveal TONIGHT at 10/9c. https://t.co/8ExkPFpnFj,52,@CBS
0.7263,Thu May 10 23:11:17 +0000 2018,0.747,0.0,0.253,"Double the @MomCBS, double the fun! Anyone else feel like they hit the jackpot with the back-to-back Season Finale‚Ä¶ https://t.co/ebq8WJLKGf",53,@CBS
-0.0772,Thu May 10 19:24:10 +0000 2018,0.847,0.085,0.069,"2 suitors, 1 Meemaw and 1 Sheldon. You won‚Äôt want to miss the season finale of @YoungSheldon tonight at 8:30/7:30c. https://t.co/Hht2yRE7ly",54,@CBS
0.4753,Thu May 10 18:03:26 +0000 2018,0.819,0.0,0.181,Broadway's Biggest Night is around the corner! Who are you hoping to see? #TonyAwards2018 ‚ú® https://t.co/KLT8QCxWcK,55,@CBS
0.3182,Thu May 10 15:30:40 +0000 2018,0.892,0.0,0.108,"The big day is finally here, and you‚Äôre invited. üë∞ Make sure to tune in to the @bigbangtheory‚Äôs star-studded #ShAmy‚Ä¶ https://t.co/la9E6tvQ5b",56,@CBS
0.8176,Wed May 09 21:35:00 +0000 2018,0.667,0.0,0.333,"Before the #ShAmy wedding tomorrow, the @bigbangtheory stars &amp; special guests play a game of ""yay or nay"" with thes‚Ä¶ https://t.co/ZpCM16qOyT",57,@CBS
0.8395,Wed May 09 19:36:24 +0000 2018,0.609,0.0,0.391,Get ready for more laughs! Learn more about the two new comedies coming to CBS: https://t.co/cpT3fd2RH5 https://t.co/NGrcp803zW,58,@CBS
-0.4599,Tue May 08 22:26:55 +0000 2018,0.8,0.2,0.0,"Goodbyes are never easy.  After 15 seasons, don‚Äôt miss Abby‚Äôs final episode of @NCIS_CBS tonight at 8/7c.  https://t.co/GTGj2YRJA1",59,@CBS
0.4574,Tue May 08 19:55:32 +0000 2018,0.85,0.0,0.15,Will you be watching the @BullCBS Season 2 Finale tonight at 9/8c? RT if your answer is yes! https://t.co/OxnyEDVsKj,60,@CBS
0.34,Tue May 08 17:18:20 +0000 2018,0.725,0.092,0.183,RT @thegoodfight: Listening to #QueenBaranski read fan tweets is like poetry. üòç Warning: this video will give you ALL the feels. ‚ò∫Ô∏è‚ù§Ô∏è #TheG‚Ä¶,61,@CBS
0.0,Mon May 07 17:50:20 +0000 2018,1.0,0.0,0.0,"RT @KevinCanWaitCBS: Season 2 of #KevinCanWait comes to a close tonight, and @KevinJames and @LeahRemini have A LOT to say about it. https:‚Ä¶",62,@CBS
0.5093,Fri May 04 21:00:00 +0000 2018,0.87,0.0,0.13,Spend your Friday night with this dynamic duo! Tune in to the season finale of @MacGyverCBS at 8/7c on CBS and CBS‚Ä¶ https://t.co/AfWUVo4GSu,63,@CBS
0.6996,Fri May 04 18:42:12 +0000 2018,0.775,0.0,0.225,RT @undercover_cbs: Get ready for the series premiere of #CelebrityBoss in just seven days! How would you react if your favorite celebrity‚Ä¶,64,@CBS
0.5562,Fri May 04 14:48:42 +0000 2018,0.736,0.0,0.264,The force is strong on the set of @bigbangtheory! #MayThe4thBeWithYou https://t.co/uYyXKtuVCM,65,@CBS
0.0,Wed May 02 19:04:01 +0000 2018,1.0,0.0,0.0,RT @thegoodfight: The fight's not over yet. #TheGoodFight is renewed for Season 3. https://t.co/gUrDeA5KQP,66,@CBS
0.0,Tue May 01 23:10:50 +0000 2018,1.0,0.0,0.0,RT @TKOCBS: Both @hwventure and @janemun have been named Executive Producers and showrunners of #TKO: TOTAL KNOCK OUT! Learn more about the‚Ä¶,67,@CBS
0.0,Tue May 01 17:58:51 +0000 2018,1.0,0.0,0.0,"RT @StrangeAngel: Sex. Magick. Rocket Science. #StrangeAngel launches June 14, only on CBS All Access. https://t.co/I3sqWMASxl https://t.co‚Ä¶",68,@CBS
0.8268,Tue May 01 15:16:28 +0000 2018,0.701,0.0,0.299,"Broadway's Biggest Night will honor the best in theatre on Sunday, June 10! Here are the nominees for the‚Ä¶ https://t.co/tCiNaLGIvq",69,@CBS
0.8777,Mon Apr 30 22:54:18 +0000 2018,0.627,0.0,0.373,We congratulate all of our CBS #DaytimeEmmy Award winners! Check out the stars who joined @TheTalkCBS hosts to cele‚Ä¶ https://t.co/JfUFINmYGH,70,@CBS
0.0,Mon Apr 30 13:28:01 +0000 2018,1.0,0.0,0.0,RT @KevinJames: Getting the band back together @AdamSandler @chrisrock @MikeDelguidice1 @KevinCanWaitCBS #KevinCanWait https://t.co/Mo5EWck‚Ä¶,71,@CBS
0.3818,Mon Apr 30 02:22:08 +0000 2018,0.86,0.0,0.14,See all of the stunning fashion looks from the @CBSDaytime stars on the #DaytimeEmmys red carpet:‚Ä¶ https://t.co/iJN1ssGPvZ,72,@CBS
0.8356,Sun Apr 29 15:30:00 +0000 2018,0.67,0.0,0.33,The 45th annual #DaytimeEmmys are here! Congratulations to all of the wonderful @CBSDaytime stars and shows nominat‚Ä¶ https://t.co/xZhDSYnxL6,73,@CBS
0.0,Thu Apr 26 23:40:24 +0000 2018,1.0,0.0,0.0,These stars are going undercover for #CelebrityBoss! Find out more about Celebrity @undercover_cbs premiering May 1‚Ä¶ https://t.co/Deyn76ADT9,74,@CBS
0.75,Wed Apr 25 21:48:49 +0000 2018,0.687,0.0,0.313,"New courage. New hope. New season. 

Season 3 of @CodeBlackCBS premieres TONIGHT at 10/9c on CBS! https://t.co/rR8xUCKlzI",75,@CBS
0.5719,Wed Apr 25 18:09:50 +0000 2018,0.837,0.0,0.163,Celebrate #DNADay by letting your forensic flag fly and revisit some classic episodes of @CSI_CBS on CBS All Access‚Ä¶ https://t.co/YCbHDK2r4b,76,@CBS
0.6239,Wed Apr 25 16:55:33 +0000 2018,0.779,0.0,0.221,"Get ready for big reveals, dramatic conclusions, and huge guest stars! Find out more about the 2017-2018 season fin‚Ä¶ https://t.co/xcBChnjEvH",77,@CBS
0.6696,Mon Apr 23 21:03:22 +0000 2018,0.756,0.0,0.244,Who‚Äôs ready to see these moves? üï∫ Tune in to the @latelateshow‚Äôs Carpool Karaoke Primetime Special TONIGHT at 10/9c! https://t.co/gjrURqXaPN,78,@CBS
0.4019,Sun Apr 22 16:00:03 +0000 2018,0.863,0.0,0.137,"The 53rd #ACMawards turned into one big party when @KeithUrban and @juliamichaels performed their upbeat single ""Co‚Ä¶ https://t.co/Q3Zj3EzuNs",79,@CBS
-0.4019,Fri Apr 20 22:00:01 +0000 2018,0.895,0.105,0.0,A blind date was all it took. Learn more about Meghan Markle and her road to royalty from the people who know her b‚Ä¶ https://t.co/fEAMUblPQ4,80,@CBS
0.0,Fri Apr 20 17:34:37 +0000 2018,1.0,0.0,0.0,RT @carrieunderwood: ICYMI! Watch Carrie‚Äôs performance of #CryPretty from the #ACMawards below! -TeamCU https://t.co/T9I3ko2xFu,81,@CBS
0.0,Thu Apr 19 20:00:00 +0000 2018,1.0,0.0,0.0,There's a new addition to the cast of the upcoming revival of Murphy Brown!  Learn more about Tyne Daly's character‚Ä¶ https://t.co/ijSXSLyDaR,82,@CBS
0.4877,Thu Apr 19 19:00:02 +0000 2018,0.826,0.0,0.174,"Country superstar @LukeBryanOnline delivers his moving anthem ""Most People Are Good"" at the 53rd #ACMawards:‚Ä¶ https://t.co/GhhAsEDqmq",83,@CBS
0.4939,Thu Apr 19 17:08:44 +0000 2018,0.868,0.0,0.132,"Coming to CBS All Access June 14, #StrangeAngel is inspired by the real life story of Jack Parsons and explores the‚Ä¶ https://t.co/IsPrXRNXye",84,@CBS
0.4199,Wed Apr 18 21:00:01 +0000 2018,0.859,0.0,0.141,When you realize there are TWO episodes of @CrimMinds_CBS tonight! üëè Who‚Äôs ready for the double-episode season fina‚Ä¶ https://t.co/CWVAHHeIGr,85,@CBS
0.7688,Wed Apr 18 18:57:45 +0000 2018,0.706,0.0,0.294,Giving you even more reasons to celebrate! üéâ See which CBS series are back for another year: https://t.co/O2LI0eJXTA https://t.co/H436kL1jSK,86,@CBS
0.5994,Wed Apr 18 17:00:03 +0000 2018,0.804,0.0,0.196,"Watch country star @blakeshelton belt out his beautiful ballad ""I Lived It"" at the 53rd #AMCawards:‚Ä¶ https://t.co/w0WRmpQ6fk",87,@CBS
0.0903,Wed Apr 18 15:14:39 +0000 2018,0.736,0.125,0.14,RT @joshgroban: I AM SO HAPPY I COULD CRY BUT ITS MIDNIGHT IN JAPAN SO I WILL SLEEP BUT ‚ÄºÔ∏è‚ÄºÔ∏è‚ÄºÔ∏è‚ÄºÔ∏èüë´üèÜüé≠üò≠üîú #TonyAwards2018 https://t.co/NLss47K6‚Ä¶,88,@CBS
0.0,Wed Apr 18 15:10:34 +0000 2018,1.0,0.0,0.0,Broadway stars @SaraBareilles and @joshgroban will host @TheTonyAwards on June 10! Hear how these multi-talented ar‚Ä¶ https://t.co/jy52FKd7t0,89,@CBS
0.0,Tue Apr 17 00:26:33 +0000 2018,1.0,0.0,0.0,Can you believe it‚Äôs been 11 years since @taylorswift13‚Äôs first-ever performance at the #ACMawards?! Look back at t‚Ä¶ https://t.co/QHSPuJLLFb,90,@CBS
0.0,Mon Apr 16 23:00:02 +0000 2018,1.0,0.0,0.0,Waiting for the @ScorpionCBS season finale to start like‚Ä¶ Tune in at 10/9c! https://t.co/peoDXtO707,91,@CBS
0.0,Mon Apr 16 17:00:04 +0000 2018,1.0,0.0,0.0,Cast your vote! #ACMawards https://t.co/57ZN5gr6Y1,92,@CBS
0.2714,Mon Apr 16 16:02:49 +0000 2018,0.806,0.071,0.123,RT @CBSTweet: #CBSRatingsNews: #ACMawards Dominate on #CBS.  Over 12 million Total Viewers.  +11% year to year increase!  Biggest audience‚Ä¶,93,@CBS
-0.296,Mon Apr 16 15:00:02 +0000 2018,0.833,0.167,0.0,"In case you missed it, watch the entire #ACMawards now: https://t.co/P3pgMJE2oh https://t.co/OOG2R0Mb4J",94,@CBS
0.5719,Mon Apr 16 06:11:41 +0000 2018,0.821,0.0,0.179,Relive a night of all-star country music performances and epic wins at the #ACMawards. Stream the entire show:‚Ä¶ https://t.co/iA3SMVIhpA,95,@CBS
0.765,Mon Apr 16 06:00:00 +0000 2018,0.708,0.0,0.292,Multiple ACM Award Winners @KeithUrban and @carrieunderwood just added one more trophy to their collection with the‚Ä¶ https://t.co/rMGCzOeJQK,96,@CBS
0.0,Mon Apr 16 05:55:00 +0000 2018,1.0,0.0,0.0,That's a wrap for the 53rd #ACMawards! üé¨ https://t.co/jM0HKud3d6,97,@CBS
0.0,Mon Apr 16 05:30:00 +0000 2018,1.0,0.0,0.0,"To all of tonight's nominees, we tip our hats to you! ü§† #ACMawards https://t.co/eytEezfIgS",98,@CBS
0.636,Mon Apr 16 05:00:00 +0000 2018,0.682,0.0,0.318,Retweet if you think @carrieunderwood looks beautiful tonight! #ACMawards https://t.co/sqefiLBcXd,99,@CBS
0.128,Mon Apr 16 05:00:00 +0000 2018,0.776,0.1,0.123,"In case you missed any, here's a rundown of all the performers from Country Music's Party of the Year¬Æ:‚Ä¶ https://t.co/KtRKXkUpmI",100,@CBS
0.0,Wed Jun 06 03:56:46 +0000 2018,1.0,0.0,0.0,RT @CuomoPrimeTime: Former White House Communications Director Anthony @Scaramucci says ‚Äúsomeone had it out‚Äù for former WH communications a‚Ä¶,1,@CNN
0.0,Wed Jun 06 03:56:27 +0000 2018,1.0,0.0,0.0,What Kate Spade modeled for young women -- and their moms | By Hilary George-Parkin via @CNNOpinion‚Ä¶ https://t.co/CzZpVjz91V,2,@CNN
0.6705,Wed Jun 06 03:47:26 +0000 2018,0.776,0.0,0.224,"Henry Winkler, known for playing Arthur ""Fonzie"" Fonzarelli in ""Happy Days,"" tweeted that he was one of the many Ca‚Ä¶ https://t.co/URwzEtzAA0",3,@CNN
-0.4939,Wed Jun 06 03:43:56 +0000 2018,0.833,0.167,0.0,"A stolen armored personnel carrier led police on a two-hour chase through Virginia on Tuesday night.

Police pursue‚Ä¶ https://t.co/HpBfvHrX3h",4,@CNN
0.0,Wed Jun 06 03:40:49 +0000 2018,1.0,0.0,0.0,California gubernatorial candidate Antonio Villaraigosa is calling on the Los Angeles County Registrar-Recorder to‚Ä¶ https://t.co/FE6u4sBfE5,5,@CNN
0.0,Wed Jun 06 03:30:35 +0000 2018,1.0,0.0,0.0,"Republican Rep. Martha Roby, the Alabama congresswoman who un-endorsed Donald Trump in 2016 when the ""Access Hollyw‚Ä¶ https://t.co/novr070USw",6,@CNN
0.5574,Wed Jun 06 03:23:19 +0000 2018,0.825,0.0,0.175,The Democratic Congressional Campaign Committee got a series of positive results tonight when all four of their top‚Ä¶ https://t.co/x4MgccdOEY,7,@CNN
-0.4927,Wed Jun 06 03:14:28 +0000 2018,0.862,0.138,0.0,"RT @CNNTonight: ""It's extremely frustrating as a veteran ... to serve your country, especially overseas though, and come back to such a div‚Ä¶",8,@CNN
-0.4939,Wed Jun 06 03:14:16 +0000 2018,0.789,0.211,0.0,A stolen armored personnel carrier led police on a two-hour chase through Virginia https://t.co/adapbHpfj7 https://t.co/e4cTyKhNP6,9,@CNN
0.0,Wed Jun 06 03:11:12 +0000 2018,1.0,0.0,0.0,Democrats flip 42nd state legislative seat since President Trump took office https://t.co/XfrMn3fdSi https://t.co/VXXLOwVNzB,10,@CNN
-0.296,Wed Jun 06 03:07:04 +0000 2018,0.855,0.145,0.0,"Cricket Australia Chief Executive James Sutherland has announced his resignation, following a ball-tampering scanda‚Ä¶ https://t.co/FWJ834vD0E",11,@CNN
0.0,Wed Jun 06 03:00:53 +0000 2018,1.0,0.0,0.0,Polls are now closed in all eight states and all eyes are on California. Follow along for the latest updates:‚Ä¶ https://t.co/IoX3Mof86j,12,@CNN
-0.0772,Wed Jun 06 02:58:37 +0000 2018,0.711,0.152,0.137,Alabama congresswoman who dropped support for Donald Trump in 2016 is forced into a runoff https://t.co/Q1gNJlzUtw https://t.co/KEIHxJXEbw,13,@CNN
0.6486,Wed Jun 06 02:53:57 +0000 2018,0.762,0.0,0.238,"Facebook says it has a deal to share user data with Huawei, a Chinese smartphone maker that US intelligence agencie‚Ä¶ https://t.co/G1WnmsCG2Y",14,@CNN
0.4404,Wed Jun 06 02:49:55 +0000 2018,0.83,0.0,0.17,The European Union's top court has ruled that same-sex couples are entitled to the same residency rights as other m‚Ä¶ https://t.co/86ENIlwFk2,15,@CNN
0.5267,Wed Jun 06 02:47:44 +0000 2018,0.827,0.0,0.173,"RT @CNNTonight: ""What happened to the press corps?"" - @DonLemon
""Many of the people in that room want to be friends with these administrati‚Ä¶",16,@CNN
0.0,Wed Jun 06 02:46:35 +0000 2018,1.0,0.0,0.0,Giant donuts and a shoe you can walk into: Here's a look at California's strangest buildings‚Ä¶ https://t.co/fPm1ztGtGh,17,@CNN
0.7213,Wed Jun 06 02:40:51 +0000 2018,0.635,0.07,0.295,"""She could make me laugh so hard. I still can't believe it."" Actor David Spade shared a warm Christmas memory in a‚Ä¶ https://t.co/Df3LGnCPp1",18,@CNN
-0.4019,Wed Jun 06 02:30:42 +0000 2018,0.87,0.13,0.0,So how big a deal is the L.A. County printing error? | Analysis by CNN's Chris Cillizza and Harry Enten‚Ä¶ https://t.co/mdkJ1iV7LC,19,@CNN
0.0,Wed Jun 06 02:14:03 +0000 2018,1.0,0.0,0.0,"Eight states are holding primary elections today, making it the biggest primary night of 2018 so far‚Ä¶ https://t.co/SwgSLJWKrp",20,@CNN
0.0258,Wed Jun 06 02:12:03 +0000 2018,0.824,0.086,0.09,"‚ÄúPeople who look like me have put blood in the ground, and put martyrs in the dirt for this country, to have it be‚Ä¶ https://t.co/RbCQ94enry",21,@CNN
0.5574,Wed Jun 06 01:54:35 +0000 2018,0.735,0.0,0.265,How a positive statement made millions for this T-shirt company https://t.co/k9Po6IMQHK https://t.co/FrAa4pjrnt,22,@CNN
0.8555,Wed Jun 06 01:40:15 +0000 2018,0.669,0.0,0.331,.@ChrisCuomo on NFL anthem controversy: ‚ÄúUnconditional love for this country is expressed in our freedom and our re‚Ä¶ https://t.co/9zW9YIPDKc,23,@CNN
0.0,Wed Jun 06 01:37:21 +0000 2018,1.0,0.0,0.0,"RT @CuomoPrimeTime: ‚ÄúYou‚Äôre a New Yorker, and I‚Äôm a New Yorker and sometimes we are prone to a little embellishment and hyperbole‚Äù 

Former‚Ä¶",24,@CNN
0.0,Wed Jun 06 01:36:03 +0000 2018,1.0,0.0,0.0,Elon Musk tells shareholders Tesla won't run out of cash any time soon https://t.co/mCc4JYSyDr https://t.co/agkuotPQ12,25,@CNN
0.0,Wed Jun 06 01:34:29 +0000 2018,1.0,0.0,0.0,.@ChrisCuomo: ‚ÄúThe President is invited to come on this show anytime he wants. It's an open offer‚Äù‚Ä¶ https://t.co/jWE0PRlP9x,26,@CNN
-0.4019,Wed Jun 06 01:30:46 +0000 2018,0.876,0.124,0.0,"A random printing error left more than 118,000 California voters off rosters in Los Angeles County in the midst of‚Ä¶ https://t.co/s7k9b5MSP6",27,@CNN
-0.4939,Wed Jun 06 01:23:16 +0000 2018,0.862,0.138,0.0,"""It wasn't my finest hour."" Former President Bill Clinton says he was mad at himself over his recent comments about‚Ä¶ https://t.co/meUOhDuixp",28,@CNN
-0.6249,Wed Jun 06 01:15:43 +0000 2018,0.769,0.231,0.0,"As Republicans prepare to marshal all available resources for what is expected to be a difficult midterm battle, Wh‚Ä¶ https://t.co/2E6XYpwppU",29,@CNN
0.0,Wed Jun 06 00:59:30 +0000 2018,1.0,0.0,0.0,"Steamboat Geyser in Yellowstone National Park is erupting unusually often. One June 4, the geyser had its eighth er‚Ä¶ https://t.co/SOKNdYRH53",30,@CNN
-0.4019,Wed Jun 06 00:47:14 +0000 2018,0.828,0.172,0.0,Paul Manafort could be in big trouble | By Paul Callan via @CNNOpinion https://t.co/uSG5WQVf5m https://t.co/kxq7dM9wzf,31,@CNN
0.0,Wed Jun 06 00:43:28 +0000 2018,1.0,0.0,0.0,"RT @CuomoPrimeTime: Coming up: Former White House Communications Director Anthony @Scaramucci joins @ChrisCuomo on #CuomoPrimeTime, 9p, ET‚Ä¶",32,@CNN
0.5267,Wed Jun 06 00:43:22 +0000 2018,0.841,0.0,0.159,Attorney General Jeff Sessions and the Justice Department have taken a lead role in announcing and defending the Tr‚Ä¶ https://t.co/KJUa0pEQHe,33,@CNN
0.5994,Wed Jun 06 00:40:24 +0000 2018,0.803,0.0,0.197,RT @AC360: ‚ÄúTrump relishes this reality-like TV world that he lives in all by himself‚Ä¶ he is an emotional and intellectual lilliputian.‚Äù‚Ä¶,34,@CNN
0.0,Wed Jun 06 00:38:24 +0000 2018,1.0,0.0,0.0,State Department spokeswoman Heather Nauert cited the D-Day invasion during an answer about the current state of US‚Ä¶ https://t.co/e00nFoaH4f,35,@CNN
0.0,Wed Jun 06 00:37:12 +0000 2018,1.0,0.0,0.0,Here are some key events in the talks between the Trump and Mueller teams https://t.co/s9psjAaVGj https://t.co/rLZruhOViE,36,@CNN
-0.6369,Wed Jun 06 00:30:41 +0000 2018,0.648,0.273,0.079,"Seattle just passed a controversial ""Amazon tax"" to alleviate the city's housing crisis, and now there's considerat‚Ä¶ https://t.co/eDt2hA0CAw",37,@CNN
0.128,Wed Jun 06 00:24:43 +0000 2018,0.809,0.085,0.106,"Anderson Cooper: When it comes to the Eagles and political stunts, it sounds like the White House doth protest too‚Ä¶ https://t.co/eEtXC5piUT",38,@CNN
-0.296,Wed Jun 06 00:16:04 +0000 2018,0.891,0.109,0.0,The former head of USA Gymnastics exercised his Fifth Amendment right to avoid self-incrimination and declined to t‚Ä¶ https://t.co/8ttEooSDrY,39,@CNN
0.0,Wed Jun 06 00:11:04 +0000 2018,1.0,0.0,0.0,"On Wednesday, President Donald Trump's White House will host its first iftar, the sundown meal that breaks fasts du‚Ä¶ https://t.co/FK5wcKuLZx",40,@CNN
0.2732,Wed Jun 06 00:09:07 +0000 2018,0.87,0.0,0.13,".@JohnKingCNN explains the significance of California's ""Jungle Primary"" and the impact it could have‚Ä¶ https://t.co/O20261Iee7",41,@CNN
0.3182,Wed Jun 06 00:06:08 +0000 2018,0.829,0.0,0.171,Republican senators say they have received commitments from President Donald Trump and his top lieutenants that Con‚Ä¶ https://t.co/ijAUGNdsEG,42,@CNN
0.3182,Wed Jun 06 00:01:06 +0000 2018,0.892,0.0,0.108,"National Park Service acting director Paul Daniel Smith apologized to employees in an email for behaving ""in an ina‚Ä¶ https://t.co/LUf7aGLVR7",43,@CNN
0.5106,Tue Jun 05 23:49:27 +0000 2018,0.823,0.0,0.177,"""I think that this is all a stunt, and I think that the President is playing the NFL like a fiddle, and these playe‚Ä¶ https://t.co/UnYhb9xeTr",44,@CNN
0.2263,Tue Jun 05 23:46:01 +0000 2018,0.894,0.0,0.106,This Army soldier traveled from Iraq for his daughter‚Äôs graduation and surprised her at the rehearsal‚Ä¶ https://t.co/A0K4B3Z06B,45,@CNN
-0.4767,Tue Jun 05 23:42:54 +0000 2018,0.866,0.134,0.0,"RT @CNNSitRoom: On the President continuing to attack Attorney General Jeff Sessions, @RepAdamSchiff says if he were one of Trump‚Äôs lawyers‚Ä¶",46,@CNN
-0.8316,Tue Jun 05 23:40:00 +0000 2018,0.698,0.302,0.0,A White House contractor wanted by police on an attempted first-degree murder charge was arrested as he came in to‚Ä¶ https://t.co/kaYfR7pbzp,47,@CNN
0.0,Tue Jun 05 23:31:07 +0000 2018,1.0,0.0,0.0,"For the first time in at least 20 years, there are now more job openings than there are people looking for work, ac‚Ä¶ https://t.co/CPRrBKuBNB",48,@CNN
0.0,Tue Jun 05 23:16:00 +0000 2018,1.0,0.0,0.0,This surveillance camera footage shows a tiny asteroid that NASA says disintegrated over southern Africa https://t.co/LvxGW3DO4C,49,@CNN
0.3182,Tue Jun 05 23:11:03 +0000 2018,0.901,0.0,0.099,"The original Gerber baby, Ann Turner Cook, met with Lucas Warren, the first child with Down syndrome named as the b‚Ä¶ https://t.co/hjBMOApIsT",50,@CNN
0.5859,Tue Jun 05 23:06:49 +0000 2018,0.703,0.074,0.223,"Tyler Soloman wiped tears of joy off his face after his father, who'd been deployed overseas, surprised Tyler by sh‚Ä¶ https://t.co/dZHUPa782l",51,@CNN
-0.3818,Tue Jun 05 23:01:07 +0000 2018,0.874,0.126,0.0,President Trump has unblocked the 7 plaintiffs who sued him and members of his administration for blocking them on‚Ä¶ https://t.co/5AH11urc02,52,@CNN
-0.2263,Tue Jun 05 22:59:48 +0000 2018,0.905,0.095,0.0,White House communications aide Kelly Sadler was quietly let go nearly a month after making an insensitive remark a‚Ä¶ https://t.co/dynu5Lciby,53,@CNN
0.0,Tue Jun 05 22:51:04 +0000 2018,1.0,0.0,0.0,Former FBI Deputy Director Andrew McCabe has requested immunity in exchange for testifying at an upcoming congressi‚Ä¶ https://t.co/EeK45nooGd,54,@CNN
0.7351,Tue Jun 05 22:46:00 +0000 2018,0.677,0.0,0.323,This delivery man is being praised for taking a welcome mat's quirky instructions literally https://t.co/JTIKQxRdUs https://t.co/iD4F80ctIY,55,@CNN
-0.1027,Tue Jun 05 22:41:05 +0000 2018,0.931,0.069,0.0,It's hard to remember a time when Starbucks wasn't on every big-city corner and in every US suburban shopping cente‚Ä¶ https://t.co/g2w4az5dt3,56,@CNN
0.0,Tue Jun 05 22:31:10 +0000 2018,1.0,0.0,0.0,"Iowa Republican Sen. Joni Ernst called EPA Administrator Scott Pruitt ""as swampy as you get"" https://t.co/M3QQOAYqgB https://t.co/IA0ep23Xu4",57,@CNN
-0.296,Tue Jun 05 22:24:10 +0000 2018,0.896,0.104,0.0,"‚ÄúIf there was no collusion, then why lie about what took place in Trump Tower?‚Äù Rep. Adam Schiff asks‚Ä¶ https://t.co/afT6Ame3r6",58,@CNN
0.0,Tue Jun 05 22:21:10 +0000 2018,1.0,0.0,0.0,Women recount why their Kate Spade purse was more than a handbag https://t.co/pZqEb4ZZdz via @CNNStyle https://t.co/lpJ1uaNhoK,59,@CNN
0.2263,Tue Jun 05 22:15:48 +0000 2018,0.905,0.0,0.095,"How Apple, which is currently worth $945 billion and on track to become the first-ever trillion-dollar company, has‚Ä¶ https://t.co/yXvihg6Udk",60,@CNN
-0.4588,Tue Jun 05 22:10:16 +0000 2018,0.777,0.16,0.063,"Former Illinois Gov. Rod Blagojevich is officially asking President Donald Trump to commute his prison sentence, fi‚Ä¶ https://t.co/QLQ2UqbZJ9",61,@CNN
-0.1531,Tue Jun 05 22:02:51 +0000 2018,0.926,0.074,0.0,"""On a personal level, we can all follow the ethos of the Miss America competition, and make a conscious effort to s‚Ä¶ https://t.co/noPAGo1Y4B",62,@CNN
-0.7906,Tue Jun 05 21:58:59 +0000 2018,0.68,0.32,0.0,RT @TheLeadCNN: @jaketapper .@jaketapper: The President lies about the Eagles protesting during the Anthem. The White House accuses them of‚Ä¶,63,@CNN
0.3182,Tue Jun 05 21:58:32 +0000 2018,0.777,0.078,0.145,The Teamsters and United Parcel Service could be heading toward the nation's largest strike in decades‚Ä¶ https://t.co/9t3tiGX4M4,64,@CNN
0.128,Tue Jun 05 21:55:22 +0000 2018,0.795,0.092,0.113,RT @CNNSitRoom: Special counsel's office has accused former Trump campaign chairman Paul Manafort of attempting to get witnesses to lie for‚Ä¶,65,@CNN
-0.4767,Tue Jun 05 21:48:47 +0000 2018,0.717,0.186,0.097,"BREAKING: Kelly Sadler, the White House communications aide who joked about Sen. John McCain's brain cancer last mo‚Ä¶ https://t.co/7WKDkEKgqB",66,@CNN
-0.6597,Tue Jun 05 21:41:03 +0000 2018,0.833,0.167,0.0,"In the days before he took his own life, Dwight Lamon Jones went on a killing spree, shooting six people in three A‚Ä¶ https://t.co/OICpvUpbrw",67,@CNN
0.1027,Tue Jun 05 21:31:07 +0000 2018,0.705,0.135,0.16,An Auschwitz survivor warned the Italian Senate away from anti-immigrant actions https://t.co/TpLtXCQUDp https://t.co/xAA9EQ2Nsv,68,@CNN
0.0,Tue Jun 05 21:21:03 +0000 2018,1.0,0.0,0.0,More than 100 monuments and symbols have been removed from 22 states and DC since the Charleston church shooting --‚Ä¶ https://t.co/rGHFGkbIMb,69,@CNN
0.0258,Tue Jun 05 21:17:11 +0000 2018,0.939,0.0,0.061,"""Red flag"" laws might have prevented some firearms-related suicides, a new study suggests.

These types of laws, wh‚Ä¶ https://t.co/1q4IqXqr5Y",70,@CNN
0.4019,Tue Jun 05 21:06:07 +0000 2018,0.87,0.0,0.13,EPA administrator Scott Pruitt enlisted the help of an aide to inquire about the possibility of a business opportun‚Ä¶ https://t.co/eEmKcDjMXU,71,@CNN
0.8271,Tue Jun 05 21:00:15 +0000 2018,0.558,0.0,0.442,Bill Gates is giving 2018 college grads his favorite new book for free https://t.co/dEWjdkmPRQ,72,@CNN
0.4404,Tue Jun 05 20:50:08 +0000 2018,0.728,0.08,0.192,"In 16 years, Social Security will have to cut benefits by 21% if lawmakers do nothing to cure the program's long-te‚Ä¶ https://t.co/KyM3BYOCji",73,@CNN
0.0,Tue Jun 05 20:40:04 +0000 2018,1.0,0.0,0.0,Elon Musk is about to face scrutiny at Tesla's shareholder meeting https://t.co/QCXB5OE20a https://t.co/ORhe6WqD4x,74,@CNN
0.0,Tue Jun 05 20:31:05 +0000 2018,1.0,0.0,0.0,How much longer can the US economy keep rolling? https://t.co/t9yM5wI5zr,75,@CNN
0.4391,Tue Jun 05 20:20:05 +0000 2018,0.83,0.0,0.17,Today is the most important day of 2018 so far for Democrats' chances in the House | Analysis by Chris Cillizza‚Ä¶ https://t.co/wrZsOVitcH,76,@CNN
0.4019,Tue Jun 05 20:10:11 +0000 2018,0.891,0.0,0.109,Polling in the last year has been split half and half on support for players in the NFL kneeling during the Nationa‚Ä¶ https://t.co/QKWmoe4t3x,77,@CNN
0.4019,Tue Jun 05 20:00:12 +0000 2018,0.87,0.0,0.13,President Trump tweets out support for House Majority Leader Kevin McCarthy and Republican Rep. Devin Nunes in Cali‚Ä¶ https://t.co/5TwGqJyJZN,78,@CNN
0.0,Tue Jun 05 19:50:07 +0000 2018,1.0,0.0,0.0,"Alex van der Zwaan, the only person to serve time in Mueller investigation, has been deported‚Ä¶ https://t.co/OECkrEJy4N",79,@CNN
-0.1531,Tue Jun 05 19:40:07 +0000 2018,0.926,0.074,0.0,"Miss America pageant is getting rid of its swimsuit competitions and will be more inclusive to women of all sizes,‚Ä¶ https://t.co/OT1fLl8wE6",80,@CNN
-0.296,Tue Jun 05 19:30:15 +0000 2018,0.885,0.115,0.0,"American companies announced a record $201.3 billion in stock buybacks and cash takeovers in May.

Critics say the‚Ä¶ https://t.co/rBCA6azHdm",81,@CNN
0.6124,Tue Jun 05 19:20:07 +0000 2018,0.667,0.0,0.333,Social Security must reduce benefits in 2034 if reforms aren't made https://t.co/nRzyUkNhdM,82,@CNN
0.0,Tue Jun 05 19:10:11 +0000 2018,1.0,0.0,0.0,White House again refuses to comment on previous false statements https://t.co/khMcwsvqzM https://t.co/LgTe4GlNak,83,@CNN
0.0,Tue Jun 05 19:00:17 +0000 2018,1.0,0.0,0.0,"The family of Marjory Stoneman Douglas High School student activist David Hogg was the target of a ""swatting"" incid‚Ä¶ https://t.co/3tgT9V6T3a",84,@CNN
0.3818,Tue Jun 05 18:47:58 +0000 2018,0.885,0.0,0.115,"Sanders: ""The Eagles are the ones who tried to changed their commitment at the eleventh hour‚Ä¶ if this wasn‚Äôt a poli‚Ä¶ https://t.co/hs034bpHo1",85,@CNN
0.0,Tue Jun 05 18:35:07 +0000 2018,1.0,0.0,0.0,"Saudi Arabia has issued its first driver's licenses to 10 women ahead of June 24, when the Kingdom's due to end the‚Ä¶ https://t.co/gl3oA5NIb8",86,@CNN
0.0,Tue Jun 05 18:24:17 +0000 2018,1.0,0.0,0.0,Sarah Sanders talks to reporters a day after Trump canceled the Philadelphia Eagles' trip to White House. Watch liv‚Ä¶ https://t.co/XSM9ibWfRX,87,@CNN
0.25,Tue Jun 05 18:20:06 +0000 2018,0.867,0.0,0.133,"Wells Fargo is closing all its branches in Indiana, Michigan and Ohio https://t.co/wY6qQiRsIF https://t.co/YbVCt7gsCw",88,@CNN
0.0,Tue Jun 05 18:10:00 +0000 2018,1.0,0.0,0.0,This surveillance camera footage shows a tiny asteroid that NASA says disintegrated over southern Africa‚Ä¶ https://t.co/gA8BL8x6Tl,89,@CNN
0.0,Tue Jun 05 18:00:00 +0000 2018,1.0,0.0,0.0,The sanctuary saving Thailand's disappearing elephants: https://t.co/6EtVhBR3n7  #WorldEnvironmentDay https://t.co/R9al8CHJcR,90,@CNN
-0.4588,Tue Jun 05 17:50:00 +0000 2018,0.818,0.182,0.0,"Discarded plastic is in our food chain - eating shellfish could expose you to 11,000 bits of micro-plastic each yea‚Ä¶ https://t.co/TWOEB86qRS",91,@CNN
0.2263,Tue Jun 05 17:40:00 +0000 2018,0.894,0.0,0.106,This Army soldier traveled from Iraq for his daughter‚Äôs graduation and surprised her at the rehearsal‚Ä¶ https://t.co/EijYgmBway,92,@CNN
-0.2732,Tue Jun 05 17:30:11 +0000 2018,0.826,0.174,0.0,"Electric cars could put 100,000 German jobs at risk https://t.co/3inC0VVr6d https://t.co/MWrwJK94Bz",93,@CNN
0.2716,Tue Jun 05 17:20:08 +0000 2018,0.905,0.0,0.095,California is in the spotlight for one of the most important primary days of the year. Here's what to watch:‚Ä¶ https://t.co/dw32o73OHO,94,@CNN
0.4215,Tue Jun 05 17:11:06 +0000 2018,0.882,0.0,0.118,Education Secretary Betsy DeVos says looking at the role of guns in school safety was not a focus of the federal sc‚Ä¶ https://t.co/N1vG7WkCZY,95,@CNN
0.0,Tue Jun 05 17:00:13 +0000 2018,1.0,0.0,0.0,The US and North Korea have settled on a venue for the summit between President Trump and North Korean leader Kim J‚Ä¶ https://t.co/bxD0TmV5UI,96,@CNN
-0.2732,Tue Jun 05 16:50:04 +0000 2018,0.739,0.152,0.109,The Puerto Rican government has seven days to release death certificates and data related to the true toll of Hurri‚Ä¶ https://t.co/PlIPvBkv0r,97,@CNN
0.0,Tue Jun 05 16:40:07 +0000 2018,1.0,0.0,0.0,"Russian President Vladimir Putin says he and President Trump ""regularly talk over the phone"" and that the pair work‚Ä¶ https://t.co/OgY346LpcU",98,@CNN
-0.8689,Tue Jun 05 16:32:48 +0000 2018,0.63,0.37,0.0,BREAKING: Designer Kate Spade was found dead in her New York apartment in an apparent suicide https://t.co/T8Oeu6oWlq,99,@CNN
0.0,Tue Jun 05 16:30:10 +0000 2018,1.0,0.0,0.0,Republican megadonor and billionaire David Koch is stepping down from his role at Koch Industries and other organiz‚Ä¶ https://t.co/9RyFTTONtz,100,@CNN
0.0258,Wed Jun 06 03:55:06 +0000 2018,0.776,0.11,0.114,"""We could possibly lose our home and our retirement, our life savings, everything we've saved for our kids and gran‚Ä¶ https://t.co/N2xmo4Dlo2",1,@FoxNews
0.4588,Wed Jun 06 03:51:51 +0000 2018,0.875,0.0,0.125,"""I gently put my hands on his and said I couldn't do his wedding because of my relationship with Jesus Christ."" - B‚Ä¶ https://t.co/KfqNJf1Qg1",2,@FoxNews
0.0,Wed Jun 06 03:47:53 +0000 2018,1.0,0.0,0.0,"Nearly 120,000 voters reportedly left off Los Angeles voter rolls on crucial primary day https://t.co/ZIDcHyyenc",3,@FoxNews
0.7003,Wed Jun 06 03:36:57 +0000 2018,0.633,0.0,0.367,".@JohnStossel: When politicians favor their friends, that's not capitalism, that's corruption https://t.co/OjKr185xVO",4,@FoxNews
-0.1027,Wed Jun 06 03:33:10 +0000 2018,0.903,0.097,0.0,"Thomas Homan, Deputy Director of ICE, warns Congress of consequences on DACA action https://t.co/uO5OmfQS3v",5,@FoxNews
0.0,Wed Jun 06 03:26:31 +0000 2018,1.0,0.0,0.0,JUST IN: Fox News can now project that @SenFeinstein will place first California‚Äôs jungle primary and advance to th‚Ä¶ https://t.co/GOsWTdVbLo,6,@FoxNews
-0.2732,Wed Jun 06 03:22:03 +0000 2018,0.819,0.181,0.0,OPINION: Will Tuesday's primaries (especially in California) break Democrats' hearts or leave Republicans in tears? https://t.co/4Y5S88UQNR,7,@FoxNews
-0.25,Wed Jun 06 03:17:36 +0000 2018,0.882,0.118,0.0,"Kelly Sadler leaves @WhiteHouse, official says; unclear if directly related to backlash over McCain comment‚Ä¶ https://t.co/HLTOLlR3h0",8,@FoxNews
0.0,Wed Jun 06 03:12:06 +0000 2018,1.0,0.0,0.0,"Results coming in from eight key primary elections, @ChadPergram reports https://t.co/gWxhtiC0WC",9,@FoxNews
0.0,Wed Jun 06 03:05:42 +0000 2018,1.0,0.0,0.0,Iowa Democrats nominate businessman Fred Hubbell for governor https://t.co/alnWn0EXLH,10,@FoxNews
-0.296,Wed Jun 06 03:00:40 +0000 2018,0.82,0.18,0.0,".@THEHermanCain: ""[The @Eagles] were trying to embarrass the president."" @IngrahamAngle https://t.co/wlGPJOdiHR",11,@FoxNews
0.0762,Wed Jun 06 02:52:46 +0000 2018,0.788,0.1,0.112,".@BillClinton accuser Gennifer Flowers: ""He's just not as good a liar anymore as he used to be...I think Bill is af‚Ä¶ https://t.co/6AFxxTfluZ",12,@FoxNews
0.0,Wed Jun 06 02:46:09 +0000 2018,1.0,0.0,0.0,".@FrankLuntz: ""The Democrats have a whole generation that are waiting to come through, [@NancyPelosi] won't give up‚Ä¶ https://t.co/xDGRrfDNn0",13,@FoxNews
0.0,Wed Jun 06 02:38:42 +0000 2018,1.0,0.0,0.0,".@MonicaCrowley: ""@BarackObama re-made the [Democratic Party] as a far-left institution."" @IngrahamAngle https://t.co/SVg0QJgjZq",14,@FoxNews
0.0,Wed Jun 06 02:36:00 +0000 2018,1.0,0.0,0.0,Former FBI Deputy Director Andrew McCabe asks for immunity in a congressional hearing over the FBI's handling of th‚Ä¶ https://t.co/0kbPeG5QAQ,15,@FoxNews
0.0,Wed Jun 06 02:33:14 +0000 2018,1.0,0.0,0.0,".@FrankLuntz: ""The Democrats can not point to anything that they have actually done. All they've got is obstruction‚Ä¶ https://t.co/d3GRmByqdM",16,@FoxNews
0.5994,Wed Jun 06 02:25:37 +0000 2018,0.766,0.0,0.234,".@IngrahamAngle: ""Trump has been speaking truth and has been delivering real promises as president. Now he's connec‚Ä¶ https://t.co/aI9EIxe7G2",17,@FoxNews
0.0,Wed Jun 06 02:17:35 +0000 2018,1.0,0.0,0.0,New XFL commissioner says the league will require its players to stand for national anthem. https://t.co/44vgJoeGrT,18,@FoxNews
0.0,Wed Jun 06 02:09:01 +0000 2018,1.0,0.0,0.0,".@RepDeSantis: ""James @Comey said Andrew McCabe stood tall, was this model leader, and now he wants immunity becaus‚Ä¶ https://t.co/09V6Hqro0v",19,@FoxNews
0.5994,Wed Jun 06 01:55:13 +0000 2018,0.794,0.0,0.206,".@KellyannePolls: ""This country is blessed because [Melania Trump] is our @FLOTUS at this time."" #Hannity‚Ä¶ https://t.co/i2W7I29tI6",20,@FoxNews
0.4404,Wed Jun 06 01:46:45 +0000 2018,0.805,0.0,0.195,"WATCH: #Tucker Talks to Pamela Anderson About Her Friendship with Assange, Putin https://t.co/kVPDvJLtBW",21,@FoxNews
-0.6705,Wed Jun 06 01:43:28 +0000 2018,0.667,0.333,0.0,Kate Spade's suicide note reportedly contained message to daughter https://t.co/Rd4iPJLbZn,22,@FoxNews
0.4767,Wed Jun 06 01:34:24 +0000 2018,0.574,0.139,0.287,JUST IN: NJ Sen. Menendez projected to win Democratic primary after surviving ethics scandal https://t.co/tLpo8cEEZx,23,@FoxNews
-0.8316,Wed Jun 06 01:28:48 +0000 2018,0.536,0.464,0.0,".@WhiteHouse contractor arrested near the grounds, reportedly for attempted murder https://t.co/VP0JmjBOp7",24,@FoxNews
0.8555,Wed Jun 06 01:27:14 +0000 2018,0.641,0.0,0.359,".@jasoninthehouse: ""[Inspector General Michael Horowitz is] our best shot. It's our best shot at the truth.""‚Ä¶ https://t.co/OUa3LuB83P",25,@FoxNews
0.0,Wed Jun 06 01:23:06 +0000 2018,1.0,0.0,0.0,"David Spade pays tribute to late sister-in-law, Kate: 'I still can't believe it' https://t.co/IGcOYuj2Pv",26,@FoxNews
0.6077,Wed Jun 06 01:21:13 +0000 2018,0.766,0.0,0.234,".@seanhannity: ""Today, Americans do have so much to celebrate, including a booming economy."" #Hannity https://t.co/KoIeJIFG4F",27,@FoxNews
0.4588,Wed Jun 06 01:12:31 +0000 2018,0.812,0.0,0.188,Florida police officer spots three-legged gator crossing road during patrol: 'Welcome to Florida' https://t.co/eb9gH8R0NA,28,@FoxNews
0.0,Wed Jun 06 01:05:00 +0000 2018,1.0,0.0,0.0,"During a briefing on Tuesday,  @WhiteHouse @PressSec Sarah Sanders stated that ""the president has worked increasing‚Ä¶ https://t.co/kocRoIsa8g",29,@FoxNews
0.0772,Wed Jun 06 01:04:17 +0000 2018,0.925,0.0,0.075,"Pamela Anderson: ""I'm not for these ride hail apps because it's a false sense of security."" #Tucker https://t.co/nEp4YnZ61b",30,@FoxNews
0.4404,Wed Jun 06 01:00:23 +0000 2018,0.756,0.0,0.244,Pennsylvania students get ballistic shield inserts as a graduation gift. https://t.co/MX5LLkeBKD,31,@FoxNews
0.4215,Wed Jun 06 00:54:37 +0000 2018,0.872,0.0,0.128,"Pamela Anderson on @JulianAssange: ""His intention was not to get Trump elected, it was to give true information so‚Ä¶ https://t.co/uUuVkMIY5x",32,@FoxNews
0.0,Wed Jun 06 00:45:56 +0000 2018,1.0,0.0,0.0,"Rep. @TimRyan: ""China has a 10 year plan, 30 year plan, 50 year plan, 100 year plan...In America, we're divided.""‚Ä¶ https://t.co/dEIix0FI7L",33,@FoxNews
-0.4404,Wed Jun 06 00:35:18 +0000 2018,0.775,0.225,0.0,".@ICEgov raids an Ohio lawn and garden business, arrests 114. https://t.co/NqeY2L8eJy",34,@FoxNews
0.0,Wed Jun 06 00:28:06 +0000 2018,1.0,0.0,0.0,April Ryan backtracks after claiming @POTUS was booed at a White House event. https://t.co/DTT1OL9PQU,35,@FoxNews
0.0,Wed Jun 06 00:25:11 +0000 2018,1.0,0.0,0.0,Dr. Phil captured on video hitting man on a skateboard with his car. https://t.co/MwyLzgfXFE,36,@FoxNews
0.7579,Wed Jun 06 00:21:32 +0000 2018,0.629,0.0,0.371,CA Dem Candidate: Party Officials Told Me I'm 'Too Brown' to Win. https://t.co/pcoy6XowQ5,37,@FoxNews
0.0,Wed Jun 06 00:12:04 +0000 2018,1.0,0.0,0.0,IHOP says it's changing its iconic name. https://t.co/uNUPCvJ573,38,@FoxNews
0.0,Wed Jun 06 00:05:49 +0000 2018,1.0,0.0,0.0,"JUST IN: Polls have closed in Alabama, Mississippi and New Jersey, as several states hold primaries. https://t.co/qiz5sAmnA4",39,@FoxNews
0.0,Wed Jun 06 00:03:16 +0000 2018,1.0,0.0,0.0,TOMORROW: 74 years since the D-Day Invasion https://t.co/nHdM8dnnZi,40,@FoxNews
0.0,Wed Jun 06 00:02:33 +0000 2018,1.0,0.0,0.0,The Singapore hotel hosting the Trump-Kim summit is on a secluded island with pirate ties. https://t.co/cQKNYYyLrJ,41,@FoxNews
0.4404,Tue Jun 05 23:51:21 +0000 2018,0.791,0.0,0.209,Woman's obituary takes a dark turn: 'World is a better place without her' https://t.co/twVNZszyJC,42,@FoxNews
0.6249,Tue Jun 05 23:47:38 +0000 2018,0.457,0.168,0.376,"Former @NFL cheerleaders deliver letter to Roger Goodell demanding better pay, fair treatment https://t.co/dS1Ufg7BGw",43,@FoxNews
-0.6486,Tue Jun 05 23:45:42 +0000 2018,0.677,0.323,0.0,Fashion designer Kate Spade found dead at 55 https://t.co/txnRtQIk8R https://t.co/l15aeHAc2U,44,@FoxNews
0.0,Tue Jun 05 23:43:09 +0000 2018,1.0,0.0,0.0,A look at the crater of Hawaii's Kilauea volcano. https://t.co/wSwXNmPFPz (Courtesy: @usgsvolcanoes) https://t.co/XwhI0UnhgW,45,@FoxNews
-0.6705,Tue Jun 05 23:39:18 +0000 2018,0.609,0.391,0.0,Pastor killed by crocodile during water baptism https://t.co/A3QjsKNP5J,46,@FoxNews
0.0,Tue Jun 05 23:33:35 +0000 2018,1.0,0.0,0.0,.@GiannoCaldwell: Who Would've Thought The Clintons Would Be 'GOP Assets'? https://t.co/7bM5DVHcA8,47,@FoxNews
-0.3818,Tue Jun 05 23:32:16 +0000 2018,0.852,0.148,0.0,".@TuckerCarlson: ""You need a middle class to sustain an economy and [California is] losing theirs."" #TheStory https://t.co/Q0sK4CgZJf",48,@FoxNews
0.0,Tue Jun 05 23:30:00 +0000 2018,1.0,0.0,0.0,"Unarmed Parkland campus monitor alerted staff as Nikolas Cruz stormed campus, documents reveal https://t.co/KomZy6xL59",49,@FoxNews
0.6369,Tue Jun 05 23:25:21 +0000 2018,0.811,0.0,0.189,".@OmarInTheHouse_: ""I had some California delegates come up to me and say, 'By far, you're the best candidate...but‚Ä¶ https://t.co/SsHHLvkQ5v",50,@FoxNews
-0.1779,Tue Jun 05 23:19:15 +0000 2018,0.892,0.108,0.0,"On #TheStory, President @realDonaldTrump's 2020 campaign manager @parscale reveals a new website touting the comman‚Ä¶ https://t.co/w7vFZeI7Cn",51,@FoxNews
-0.5994,Tue Jun 05 23:14:40 +0000 2018,0.822,0.178,0.0,An 87-year-old Korean War veteran is adding another item to his list of accomplishments: graduating from high schoo‚Ä¶ https://t.co/u4tdRnxmrt,52,@FoxNews
0.0,Tue Jun 05 23:10:15 +0000 2018,1.0,0.0,0.0,".@parscale: ""If President @realDonaldTrump would've known that [AG Jeff Sessions] was going to recuse himself, he w‚Ä¶ https://t.co/fgP6IRgwUD",53,@FoxNews
-0.6369,Tue Jun 05 23:05:51 +0000 2018,0.679,0.321,0.0,President @realDonaldTrump blames Attorney General Jeff Sessions for 'Russian Witch Hunt Hoax'‚Ä¶ https://t.co/mkb7YJLQm8,54,@FoxNews
-0.25,Tue Jun 05 22:53:25 +0000 2018,0.867,0.133,0.0,Rain at Belmont Stakes? What it would take to cancel the horse race. https://t.co/fo8XRMLgOV,55,@FoxNews
0.6124,Tue Jun 05 22:53:01 +0000 2018,0.667,0.0,0.333,RT @FoxBusiness: Social Security to tap reserves to cover 2018 benefits https://t.co/U5V8ekKKaw,56,@FoxNews
-0.2263,Tue Jun 05 22:50:31 +0000 2018,0.863,0.137,0.0,"RT @MikeEmanuelFox: Mitch McConnell cancels portion of Senate's August recess - from #SpecialReport:
https://t.co/Q6ehHLoYjv",57,@FoxNews
-0.3612,Tue Jun 05 22:47:43 +0000 2018,0.839,0.161,0.0,Texas sheriff's deputies escort a teen to graduation in place of her fallen father. https://t.co/XHxGp2ykUM,58,@FoxNews
0.0,Tue Jun 05 22:39:07 +0000 2018,1.0,0.0,0.0,"Demoted FBI agent Peter Strzok had larger role in Clinton, Russia probes than previously known. https://t.co/YxZ90lpXY4",59,@FoxNews
0.0516,Tue Jun 05 22:32:05 +0000 2018,0.597,0.194,0.209,Primary nail-biter: @NancyPelosi's House hopes rest on home-state battles. https://t.co/KHzKEKbTUW,60,@FoxNews
0.5559,Tue Jun 05 22:26:04 +0000 2018,0.706,0.0,0.294,"NJ police officers won't face criminal charges for beach altercation, prosecutor says. https://t.co/ZxjBbKVsTh",61,@FoxNews
0.4588,Tue Jun 05 22:19:30 +0000 2018,0.824,0.0,0.176,"'Welcome to Florida'

Florida police officer spots a three-legged gator crossing the road during a patrol. https://t.co/rFswsUSwsY",62,@FoxNews
-0.296,Tue Jun 05 22:12:45 +0000 2018,0.896,0.104,0.0,"JUST IN: Kelly Sadler, The White House aide engulfed in controversy after her comments on @SenJohnMcCain, is no lon‚Ä¶ https://t.co/Fe1r7O2tfs",63,@FoxNews
0.0,Tue Jun 05 22:02:20 +0000 2018,1.0,0.0,0.0,".@dennisrodman will be in Singapore during the Trump-Kim summit, report says. https://t.co/P1TepYS2BR",64,@FoxNews
0.5423,Tue Jun 05 21:53:19 +0000 2018,0.604,0.081,0.315,"Eagles Fan @JesseBWatters: Philadelphia 'Tried a Trick Play, Trump Snuffed It Out' https://t.co/f5PnsZ6mTG",65,@FoxNews
0.6633,Tue Jun 05 21:50:01 +0000 2018,0.802,0.0,0.198,DRESS FOR SUCCESS: A young boy named Noah went head-to-head with a firefighter to determine who could get their equ‚Ä¶ https://t.co/sRtzhsRY4U,66,@FoxNews
0.0,Tue Jun 05 21:33:32 +0000 2018,1.0,0.0,0.0,OPINION: What to expect in the 2018 midterm elections https://t.co/oy9R1YZ6n2,67,@FoxNews
0.0,Tue Jun 05 21:31:31 +0000 2018,1.0,0.0,0.0,"‚ÄúTurnout is the key in midterms.‚Äù

@TheJuanWilliams on eight states holding key primary elections #TheFive https://t.co/HBLBquY1hh",68,@FoxNews
0.0,Tue Jun 05 21:13:18 +0000 2018,1.0,0.0,0.0,Driver unhurt after car nosedives into ditch https://t.co/BzcJUJUyUm,69,@FoxNews
0.4767,Tue Jun 05 21:08:10 +0000 2018,0.829,0.0,0.171,.@JesseBWatters: ‚ÄúBoth are winners. The Eagles beat the Patriots and Trump beat ‚Äòcrooked Hillary.‚Äô‚Äù #TheFive https://t.co/survfbz9QW,70,@FoxNews
0.0,Tue Jun 05 21:05:53 +0000 2018,1.0,0.0,0.0,"Earlier, @POTUS participated in a ""Celebration of America"" event at the @WhiteHouse. https://t.co/LOzih2zyVI",71,@FoxNews
-0.5574,Tue Jun 05 21:01:21 +0000 2018,0.816,0.184,0.0,Hawaii's Kilauea volcano lava destroys hundreds of homes as an explosion spews toxic ash a mile high. https://t.co/nDeZo6Nhkx,72,@FoxNews
0.0,Tue Jun 05 20:59:50 +0000 2018,1.0,0.0,0.0,".@dennisrodman is expected to be in Singapore ahead of the summit between Kim Jong Un and @POTUS, according to a ne‚Ä¶ https://t.co/dHAT2eMCtS",73,@FoxNews
0.6343,Tue Jun 05 20:55:30 +0000 2018,0.576,0.078,0.346,.@KingJames says the NBA Finals winner wouldn't want a White House invite. https://t.co/KGIgzzx2sb,74,@FoxNews
-0.5267,Tue Jun 05 20:49:00 +0000 2018,0.815,0.185,0.0,OPINION: The Republican comeback is a real threat to the elite media's 'blue wave' theory. - @newtgingrich https://t.co/aaksnVO9wA,75,@FoxNews
-0.4767,Tue Jun 05 20:43:04 +0000 2018,0.807,0.193,0.0,Texas firefighter arrested after new wife discovers he's already married to multiple women. https://t.co/B0P9s0Hu4W,76,@FoxNews
0.0,Tue Jun 05 20:38:21 +0000 2018,1.0,0.0,0.0,'Swatting' call made to Parkland activist David Hogg's home. https://t.co/zJ9e6UMKFZ,77,@FoxNews
0.2023,Tue Jun 05 20:30:13 +0000 2018,0.904,0.0,0.096,".@SenJohnBarrasso on @SenateMajLdr scrapping the August recess: ""I think it's an important thing to do. We've been‚Ä¶ https://t.co/g0byKdpEgO",78,@FoxNews
0.3182,Tue Jun 05 20:19:48 +0000 2018,0.892,0.0,0.108,".@PressSec: ""We look at ways, every single day, to unify our country. The president has worked actively and tireles‚Ä¶ https://t.co/nCL8RkP5Et",79,@FoxNews
0.5859,Tue Jun 05 20:17:43 +0000 2018,0.769,0.0,0.231,Arkansas police officers and firefighters surprise a teen with autism at his birthday party after only 3 people att‚Ä¶ https://t.co/i7F6xnq4IW,80,@FoxNews
0.0,Tue Jun 05 20:14:30 +0000 2018,1.0,0.0,0.0,".@PressSec: ""Frankly, I think my credibility's probably higher than the media's."" https://t.co/4K6j0xG12r",81,@FoxNews
0.2263,Tue Jun 05 20:13:07 +0000 2018,0.924,0.0,0.076,RT @FoxBusiness: AT THE CLOSE: The Nasdaq finished the day at a new record high for the second straight day. The Dow Jones Industrial Avera‚Ä¶,82,@FoxNews
0.0,Tue Jun 05 20:12:08 +0000 2018,1.0,0.0,0.0,Eight states are holding crucial primaries today. Here's a preview ahead of the polls closing. #Cavuto‚Ä¶ https://t.co/9RwhTRT9Rb,83,@FoxNews
0.6486,Tue Jun 05 20:08:01 +0000 2018,0.751,0.0,0.249,".@PressSec on canceling @Eagles celebration: ""Certainly we would hope that all of the people of Pennsylvania would‚Ä¶ https://t.co/MsQ4lUGM9N",84,@FoxNews
0.2732,Tue Jun 05 20:02:16 +0000 2018,0.884,0.0,0.116,".@PressSec: ""If this wasn't a political stunt [the @Eagles] wouldn't have waited until Monday, well after a thousan‚Ä¶ https://t.co/wWT83cJWV0",85,@FoxNews
-0.4215,Tue Jun 05 19:55:52 +0000 2018,0.865,0.135,0.0,"‚ÄòI am doing this on my own time‚Äô

Florida elementary teacher caught in classroom sex romp denies wrongdoing. https://t.co/PmNKZDJPEs",86,@FoxNews
0.5994,Tue Jun 05 19:30:49 +0000 2018,0.813,0.0,0.187,".@PressSec on cancellation Super Bowl celebration: ""The @Eagles are the ones that tried to change their commitment‚Ä¶ https://t.co/M6QFTmYnsg",87,@FoxNews
0.0,Tue Jun 05 19:24:04 +0000 2018,1.0,0.0,0.0,".@PressSec on cancellation of Senate August recess: ""There's been historic obstruction by Senate Democrats and ther‚Ä¶ https://t.co/YVZiHrPyEC",88,@FoxNews
-0.4404,Tue Jun 05 19:19:03 +0000 2018,0.873,0.127,0.0,"Kevin Hassett: ""You can see that the gap between the unemployment rate for black workers and white workers has gone‚Ä¶ https://t.co/Zu5iW6W3XZ",89,@FoxNews
-0.4404,Tue Jun 05 19:15:08 +0000 2018,0.868,0.132,0.0,"Kevin Hassett: ""It's only seven times [looking] back to 1970 that we've had an unemployment rate below four percent‚Ä¶ https://t.co/HA5tgLn4Gl",90,@FoxNews
0.9186,Tue Jun 05 19:15:02 +0000 2018,0.586,0.0,0.414,".@POTUS: ""We stand together for freedom, we stand together for patriotism and we proudly stand for our glorious nat‚Ä¶ https://t.co/nMmKmXgiqQ",91,@FoxNews
0.5994,Tue Jun 05 19:11:24 +0000 2018,0.677,0.084,0.239,"Kevin Hassett on small business optimism: ""@POTUS promised that he would cut taxes, that he'd reduce taxes on small‚Ä¶ https://t.co/ej5Hli2gl0",92,@FoxNews
0.802,Tue Jun 05 19:09:39 +0000 2018,0.596,0.083,0.321,".@POTUS: ""We stand to honor our military, and to honor our country and to remember the fallen heroes who never made‚Ä¶ https://t.co/ohdAHbnBgu",93,@FoxNews
0.8979,Tue Jun 05 19:05:23 +0000 2018,0.595,0.0,0.405,".@POTUS: ""We love our country, we respect our flag and we always proudly stand for the national anthem."" https://t.co/ScJxbNxL4y",94,@FoxNews
0.4767,Tue Jun 05 19:04:30 +0000 2018,0.711,0.083,0.206,"Kevin Hassett on economy: ""We've gone from a 'new normal' of low growth to just 'normal' which is 3% growth America‚Ä¶ https://t.co/EF7o4WgV0G",95,@FoxNews
0.0,Tue Jun 05 19:00:13 +0000 2018,1.0,0.0,0.0,".@POTUS participates in the ""Celebration of America."" https://t.co/FGDK78RYBQ",96,@FoxNews
0.0,Tue Jun 05 18:55:24 +0000 2018,1.0,0.0,0.0,".@PressSec on new jobs numbers: ""America's economic potential has been unleashed."" https://t.co/Wi0iC2mzca https://t.co/FkWGQsxW92",97,@FoxNews
0.0,Tue Jun 05 18:23:45 +0000 2018,1.0,0.0,0.0,.@PressSec Sarah Sanders holds a White House press briefing. https://t.co/o7VGXV5jYp,98,@FoxNews
-0.4019,Tue Jun 05 18:05:33 +0000 2018,0.816,0.184,0.0,"Drivers claim overhead plane dumped feces on cars, people in Canadian town https://t.co/sTVRCdepRd",99,@FoxNews
0.0,Tue Jun 05 17:52:00 +0000 2018,1.0,0.0,0.0,"Photo of the day: A rainbow appears as the storm clouds part at sunset in Aventura, Florida. https://t.co/PwUcEaGuGk",100,@FoxNews
0.0,Wed Jun 06 03:47:05 +0000 2018,1.0,0.0,0.0,Iowa election live results https://t.co/xsdBrqG6yo,1,@nytimes
0.0258,Wed Jun 06 03:32:06 +0000 2018,0.939,0.0,0.061,"Bill Clinton acknowledged his defensive reaction about Monica Lewinsky during an interview. It ""wasn't my finest ho‚Ä¶ https://t.co/Btkzy90oo1",2,@nytimes
0.0,Wed Jun 06 03:22:58 +0000 2018,1.0,0.0,0.0,"RT @ShaneGoldmacher: Even while saying Monday was not his ""finest hour,"" Bill Clinton takes a dig tonight at Craig Melvin: ""I should have r‚Ä¶",3,@nytimes
0.5719,Wed Jun 06 03:17:07 +0000 2018,0.622,0.107,0.271,"A former Navy pilot, a veteran White House national security adviser and a conservative gun rights advocate won Dem‚Ä¶ https://t.co/i4IIirALjS",4,@nytimes
0.0,Wed Jun 06 03:03:20 +0000 2018,1.0,0.0,0.0,California election live results https://t.co/2tfaYxZqn9,5,@nytimes
-0.1027,Wed Jun 06 02:47:05 +0000 2018,0.864,0.077,0.059,At Tesla's annual meeting came a rare challenge from investors who sought to shake up the board and force Elon Musk‚Ä¶ https://t.co/bfgZm9tBre,6,@nytimes
0.0,Wed Jun 06 02:32:06 +0000 2018,1.0,0.0,0.0,"The Kate Spade label started simply, with its designer and future husband at the helm, and grew into a $2.4 billion‚Ä¶ https://t.co/RATXLmBBz1",7,@nytimes
0.3612,Wed Jun 06 02:31:41 +0000 2018,0.906,0.0,0.094,"RT @jdelreal: Im here at the US Grant Hotel in San Diego, where CA GOP gubernatorial candidate John Cox is hosting his election night party‚Ä¶",8,@nytimes
0.4019,Wed Jun 06 02:27:04 +0000 2018,0.891,0.0,0.109,"RT @melbournecoal: I‚Äôm at Antonio Villaraigosa‚Äôs election night party, in downtown Los Angeles. Polls close in less than an hour and the me‚Ä¶",9,@nytimes
-0.6868,Wed Jun 06 02:25:59 +0000 2018,0.809,0.191,0.0,"RT @mattfleg: Already sick of California? Unsure what to do for the next 36 minutes? Either way, read @NYTnickc and me on all the other sta‚Ä¶",10,@nytimes
0.0,Wed Jun 06 02:17:03 +0000 2018,1.0,0.0,0.0,"RT @Nate_Cohn: NYT election results for NJ, AL, MT, SD, NM, IA, MS, and CA (did i remember them all?) are here, for those who haven't found‚Ä¶",11,@nytimes
0.296,Wed Jun 06 02:07:23 +0000 2018,0.891,0.0,0.109,"Kelly Sadler, a White House communications aide who made headlines for a joke about the health of John McCain, has‚Ä¶ https://t.co/2zebCGV52e",12,@nytimes
0.0,Wed Jun 06 01:47:04 +0000 2018,1.0,0.0,0.0,Alabama election live results https://t.co/wzsHypDT7w,13,@nytimes
0.0,Wed Jun 06 01:33:04 +0000 2018,1.0,0.0,0.0,RT @ivanlpenn: More than two dozen volunteers are working the phones at Representative Mimi Walters campaign office to get last minute vote‚Ä¶,14,@nytimes
0.0,Wed Jun 06 01:28:06 +0000 2018,1.0,0.0,0.0,"RT @maggieNYT: Response from @MeghanMcCain to massive ABC internal blast when WH statement was sent around: ‚ÄúBye, Felicia.‚Äù https://t.co/AB‚Ä¶",15,@nytimes
0.0,Wed Jun 06 01:14:06 +0000 2018,1.0,0.0,0.0,New Jersey election live results https://t.co/XPXqdEXlYw,16,@nytimes
0.0,Wed Jun 06 01:05:02 +0000 2018,1.0,0.0,0.0,"RT @jennymedina: Final push in #CA48 dialing for votes:
‚ÄúHave you voted? There‚Äôs an election today. We need you to vote so the Democrats wi‚Ä¶",17,@nytimes
0.0,Wed Jun 06 01:02:02 +0000 2018,1.0,0.0,0.0,Evening Briefing: Here's what you need to know at the end of the day https://t.co/qVgvJ4Wtbr,18,@nytimes
0.25,Wed Jun 06 00:47:05 +0000 2018,0.917,0.0,0.083,"Much of what makes New York unique was created during the last ice age, when a vast ice sheet covered much of North‚Ä¶ https://t.co/JNsdwuBDQD",19,@nytimes
0.0,Wed Jun 06 00:37:05 +0000 2018,1.0,0.0,0.0,"8 states have primary elections today. Here's when we're expecting the first results. https://t.co/NEbxm6mxyl
Alaba‚Ä¶ https://t.co/SiGUd84TSg",20,@nytimes
-0.34,Wed Jun 06 00:27:05 +0000 2018,0.78,0.142,0.078,Who will likely be blamed if Democrats get locked out of some competitive Republican-held congressional races in Ca‚Ä¶ https://t.co/kEa8zJhkBT,21,@nytimes
-0.7964,Wed Jun 06 00:17:03 +0000 2018,0.728,0.272,0.0,RT @nytpolitics: The assassination fueled a general sense ‚Äî not entirely unfamiliar today ‚Äî that the nation had gone mad; that the normal r‚Ä¶,22,@nytimes
0.0,Wed Jun 06 00:02:05 +0000 2018,1.0,0.0,0.0,"8 states voted in one of the busiest days of primary season, and results are expected soon. We‚Äôre tracking the key‚Ä¶ https://t.co/iL14weHog8",23,@nytimes
0.296,Tue Jun 05 23:47:03 +0000 2018,0.891,0.0,0.109,Scott Pruitt gave a political aide the task of helping him seek a ‚Äúbusiness opportunity‚Äù for his wife with Chick-fi‚Ä¶ https://t.co/g15MDxxunN,24,@nytimes
0.4215,Tue Jun 05 23:32:07 +0000 2018,0.872,0.0,0.128,"Betsy DeVos said the federal commission on school safety set up this year after the Parkland, Florida, school massa‚Ä¶ https://t.co/Gn3X6eos8S",25,@nytimes
0.4767,Tue Jun 05 23:21:03 +0000 2018,0.86,0.0,0.14,"RT @gabrieldance: New: Facebook gave private data access to Chinese Firm, Huawei, which has been flagged by U.S. intelligence.

https://t.c‚Ä¶",26,@nytimes
0.0,Tue Jun 05 23:11:30 +0000 2018,1.0,0.0,0.0,Breaking News: Facebook has given at least four Chinese companies access to user data. One has been flagged by U.S.‚Ä¶ https://t.co/NHDWzvKJUO,27,@nytimes
0.0,Tue Jun 05 23:02:03 +0000 2018,1.0,0.0,0.0,Evening Briefing: Here's what you need to know at the end of the day https://t.co/d5SybOs0hs,28,@nytimes
-0.0227,Tue Jun 05 22:51:03 +0000 2018,0.837,0.083,0.079,"RT @arappeport: In a letter to Congress, Trump's Treasury Department still will not commit to putting Harriet Tubman on the $20 https://t.c‚Ä¶",29,@nytimes
0.128,Tue Jun 05 22:41:04 +0000 2018,0.779,0.1,0.121,Kate Spade was a critical figure in the continuum of women who have defined fashion in the United States: designers‚Ä¶ https://t.co/mkBQsw4Uxb,30,@nytimes
0.0,Tue Jun 05 22:27:05 +0000 2018,1.0,0.0,0.0,8 states are holding primaries today. Here's what to watch for in those races. https://t.co/K1Je3JoLQA,31,@nytimes
0.0,Tue Jun 05 22:12:02 +0000 2018,1.0,0.0,0.0,"RT @NYTNational: ‚ö°Ô∏è ‚ÄúOn the Ground at the California Primaries‚Äù

https://t.co/f0ZiiBHxqF",32,@nytimes
-0.296,Tue Jun 05 21:58:03 +0000 2018,0.905,0.095,0.0,"Breaking News: Mexico hit back at the U.S., saying it would impose tariffs on cheese, whiskey and other goods in re‚Ä¶ https://t.co/XKeKYb4KcM",33,@nytimes
0.0,Tue Jun 05 21:46:06 +0000 2018,1.0,0.0,0.0,"How much tourism is too much? On the Gal√°pagos Islands, they're asking the question. https://t.co/GQ5twJeeq1",34,@nytimes
-0.561,Tue Jun 05 21:27:05 +0000 2018,0.805,0.195,0.0,"RT @VVFriedman: On this sad day, thoughts on Kate Spade, and what she stood for - https://t.co/jBYfIwb6AT",35,@nytimes
0.4767,Tue Jun 05 21:12:02 +0000 2018,0.83,0.0,0.17,"Jordan Peele, who wrote and directed ""Get Out,"" has signed a deal giving Amazon the first look at his ideas for TV‚Ä¶ https://t.co/No04lHy4zr",36,@nytimes
0.0,Tue Jun 05 21:03:46 +0000 2018,1.0,0.0,0.0,California's 10th congressional district is one that's coveted by Democrats. NYT journalists are reporting from the‚Ä¶ https://t.co/HZRtuv5CxY,37,@nytimes
-0.7579,Tue Jun 05 21:03:05 +0000 2018,0.735,0.265,0.0,"After a teenager was fatally shot by a police officer, his family searched for answers from the city they lost fait‚Ä¶ https://t.co/49QalKqVI7",38,@nytimes
-0.4019,Tue Jun 05 20:55:04 +0000 2018,0.723,0.173,0.104,"Kate Spade, who was found dead on Tuesday, had a business mind that saw the opportunities in becoming a lifestyle b‚Ä¶ https://t.co/lN2NDamjmq",39,@nytimes
0.0,Tue Jun 05 20:40:03 +0000 2018,1.0,0.0,0.0,"Rep. Tulsi Gabbard wants visitors to stay away from the Kilauea volcano. ""Now is not the time for tourists to blank‚Ä¶ https://t.co/a5dL2bl2JD",40,@nytimes
0.8126,Tue Jun 05 20:33:45 +0000 2018,0.72,0.0,0.28,RT @mccanner: I love this. New York Times photographers did portraits of voters and asked what's motivating them to participate today. SEVE‚Ä¶,41,@nytimes
-0.1531,Tue Jun 05 20:25:03 +0000 2018,0.918,0.082,0.0,"‚ÄúWe are not going to judge you on your outward appearance,"" the Miss America Organization's chairwoman, Gretchen Ca‚Ä¶ https://t.co/SY8ge6if9h",42,@nytimes
0.0,Tue Jun 05 20:10:09 +0000 2018,1.0,0.0,0.0,A school wanted to prepare its eighth-graders for high school. So it gave them a bullet-resistant shield for their‚Ä¶ https://t.co/ykXjrGY5l6,43,@nytimes
-0.3818,Tue Jun 05 19:57:02 +0000 2018,0.833,0.167,0.0,Crowdfunding campaigns are designed for just about everything these days. That includes funerals. https://t.co/WFgOKnLoOF,44,@nytimes
0.1779,Tue Jun 05 19:47:04 +0000 2018,0.843,0.064,0.092,"RT @nytpolitics: News Analysis: The president‚Äôs claim that he has ""the absolute right"" to pardon himself was the latest in an aggressive se‚Ä¶",45,@nytimes
0.0,Tue Jun 05 19:37:04 +0000 2018,1.0,0.0,0.0,"A court has ordered Mexico's government to again investigate the disappearances of 43 college students. This time,‚Ä¶ https://t.co/GWOvp5B1c4",46,@nytimes
0.0,Tue Jun 05 19:31:08 +0000 2018,1.0,0.0,0.0,RT @jdelreal: I may have just visited the coolest polling place in America. Voters are casting their ballots here at Rhino‚Äôs Boxing in Vist‚Ä¶,47,@nytimes
0.6486,Tue Jun 05 19:27:03 +0000 2018,0.751,0.0,0.249,The California primary might give us a better idea of whether Democrats will make big gains in November https://t.co/cDNf7fiutZ,48,@nytimes
-0.128,Tue Jun 05 19:17:05 +0000 2018,0.837,0.094,0.069,"The Wall Street Journal is replacing its top editor, Gerard Baker. His newsroom broke award-winning stories but str‚Ä¶ https://t.co/TgJV7prEuh",49,@nytimes
0.0,Tue Jun 05 19:07:04 +0000 2018,1.0,0.0,0.0,"The Philadelphia Eagles won't be there, but President Trump said a celebration will go on https://t.co/9gnsNFHruH",50,@nytimes
-0.7506,Tue Jun 05 18:57:06 +0000 2018,0.714,0.286,0.0,Israel‚Äôs military said that the killing of a young Palestinian volunteer medic at a Gaza fence protest was unintent‚Ä¶ https://t.co/uZHSmBTYl7,51,@nytimes
0.34,Tue Jun 05 18:47:04 +0000 2018,0.888,0.0,0.112,"For many women, a Kate Spade bag was their first designer purchase. They shared their stories of their first ""grown‚Ä¶ https://t.co/SngkBwGwTQ",52,@nytimes
-0.7818,Tue Jun 05 18:37:02 +0000 2018,0.671,0.329,0.0,The most feared and loathed character in the city‚Äôs restaurant business? It‚Äôs the health inspector. https://t.co/vX1Zz9KPH1,53,@nytimes
0.4939,Tue Jun 05 18:27:03 +0000 2018,0.842,0.0,0.158,California voters are making lots of decisions. NYT photographers wanted to find out what was motivating them.‚Ä¶ https://t.co/4w6tHFYawt,54,@nytimes
-0.34,Tue Jun 05 18:17:01 +0000 2018,0.912,0.088,0.0,"RT @NYTScience: ""We snapped out of the knee jerk approach where we had to give chemo to everybody,"" says one author of a new study that sho‚Ä¶",55,@nytimes
0.0,Tue Jun 05 18:09:45 +0000 2018,1.0,0.0,0.0,"""The summer of hell"": The sequel https://t.co/RO2Hv8N3l8",56,@nytimes
-0.5106,Tue Jun 05 18:07:06 +0000 2018,0.837,0.163,0.0,"Separating children from migrant families entering the U.S. violates their rights and international law, the UN's h‚Ä¶ https://t.co/NDbugKNYet",57,@nytimes
-0.5526,Tue Jun 05 17:47:01 +0000 2018,0.612,0.278,0.11,Harvey Weinstein pleaded not guilty to the sexual assault charges lodged against him last month https://t.co/6h9fEgoAN4,58,@nytimes
0.0,Tue Jun 05 17:37:04 +0000 2018,1.0,0.0,0.0,"The White House has unblocked the accounts of 7 Twitter users who sued President Trump, but it's appealing a judge'‚Ä¶ https://t.co/aS46IucubL",59,@nytimes
-0.4215,Tue Jun 05 17:27:04 +0000 2018,0.746,0.16,0.093,Kate Spade built a brand on the appeal of clothes and accessories that made women smile. She was found dead on Tues‚Ä¶ https://t.co/jxOuBFEik6,60,@nytimes
0.0,Tue Jun 05 17:17:03 +0000 2018,1.0,0.0,0.0,"RT @nytopinion: I‚Äôd take President Bill Clinton over Donald J. Trump in any role on any day, writes Frank Bruni. But in an honor-starved mo‚Ä¶",61,@nytimes
0.4456,Tue Jun 05 17:07:02 +0000 2018,0.722,0.084,0.195,"RT @NYTMetro: Eight years ago, Gov. Cuomo promised not to collapse under pressure from unions he said had a stranglehold on state politics.‚Ä¶",62,@nytimes
-0.6369,Tue Jun 05 16:53:04 +0000 2018,0.736,0.213,0.05,"Even with all the mayhem in Afghanistan‚Äôs long war, the number of children out of school had been falling. Until no‚Ä¶ https://t.co/luED2e0v1b",63,@nytimes
0.0,Tue Jun 05 16:42:28 +0000 2018,1.0,0.0,0.0,Kate Spade decided that the handbags were too full of gloppy gewgaws ‚Äî then she went to design her own. From 1999: https://t.co/K779QDG6c8,64,@nytimes
0.0,Tue Jun 05 16:37:04 +0000 2018,1.0,0.0,0.0,NYT journalists are spread out across California to cover the state's high-stakes primary election. Follow our live‚Ä¶ https://t.co/QFbysRJGOU,65,@nytimes
-0.6486,Tue Jun 05 16:28:22 +0000 2018,0.807,0.193,0.0,"Breaking News: Kate Spade, the designer who built a handbag empire, was found dead in her Manhattan apartment after‚Ä¶ https://t.co/U8bovTgEiT",66,@nytimes
-0.3818,Tue Jun 05 16:17:03 +0000 2018,0.88,0.12,0.0,"RT @NYTSports: LeBron James has scored 80 points in two games in the NBA finals, and is still losing.  https://t.co/DWIAP28w1P",67,@nytimes
-0.0516,Tue Jun 05 16:07:05 +0000 2018,0.93,0.07,0.0,President Trump touted his accomplishments from his first 500 days in office. We fact-checked his claims. https://t.co/iFQ24m6KjF,68,@nytimes
0.0,Tue Jun 05 15:57:04 +0000 2018,1.0,0.0,0.0,President Trump's chief economic adviser has suggested Trump wants separate deals with Mexico and Canada instead of‚Ä¶ https://t.co/sGW7oxXlbo,69,@nytimes
0.0,Tue Jun 05 15:47:04 +0000 2018,1.0,0.0,0.0,It is a staple of prom for a boy to be crowned king and a girl to be crowned queen. But this was not just any prom.‚Ä¶ https://t.co/aWjgOBcarI,70,@nytimes
0.7684,Tue Jun 05 15:37:04 +0000 2018,0.75,0.0,0.25,"RT @NYTNational: Latinos make up 34% of California‚Äôs adult population, but just 18% of likely voters. Democrats hope that share will grow.‚Ä¶",71,@nytimes
0.0,Tue Jun 05 15:27:57 +0000 2018,1.0,0.0,0.0,"All European Union countries must recognize same-sex marriage, at least in relation to immigration cases, the bloc'‚Ä¶ https://t.co/XVx59i3iw7",72,@nytimes
0.0,Tue Jun 05 15:19:45 +0000 2018,1.0,0.0,0.0,RT @Julesm_b: It's Primary day in California and @nytimes has 11 reporters up and down the state. Follow: @adamnagourney @tarangoNYT @jenny‚Ä¶,73,@nytimes
-0.34,Tue Jun 05 15:17:05 +0000 2018,0.888,0.112,0.0,"Despite a warning from one of its owners, the NFL has let itself be baited by President Trump, @el_belson writes: https://t.co/pfFC3jV6cY",74,@nytimes
0.25,Tue Jun 05 15:12:37 +0000 2018,0.882,0.0,0.118,David Koch is stepping down from his political and business interests because of declining health https://t.co/KalPFZ2vdK,75,@nytimes
-0.5106,Tue Jun 05 15:07:08 +0000 2018,0.823,0.177,0.0,RT @nytimesworld: The inner circle of the French president Emmanuel Macron has been struck for the first time by accusations of corruption‚Ä¶,76,@nytimes
0.2247,Tue Jun 05 14:57:05 +0000 2018,0.9,0.0,0.1,"""Of course it has to be led by a man"" he said, ""because it is a very challenging position"" https://t.co/wEKsNe2QPv",77,@nytimes
0.0,Tue Jun 05 14:47:05 +0000 2018,1.0,0.0,0.0,"RT @PatrickKingsley: Having consolidated power at home, Viktor #Orban's proxies are now shoring up his allies across Central and Eastern Eu‚Ä¶",78,@nytimes
0.6369,Tue Jun 05 14:36:04 +0000 2018,0.658,0.0,0.342,Review: Bill Clinton and James Patterson wrote a new novel. It's good. https://t.co/9KfuTdUoLU,79,@nytimes
-0.7964,Tue Jun 05 14:26:03 +0000 2018,0.627,0.299,0.074,"RT @NYTNational: A murder, a dashed dream, conspiracy theories, Trump and, finally, a school: The long history of Robert F. Kennedy's Los A‚Ä¶",80,@nytimes
0.0,Tue Jun 05 14:16:08 +0000 2018,1.0,0.0,0.0,Britain's culture secretary said that 21st Century Fox should be allowed to bid for control of Sky https://t.co/21cL5qHucb,81,@nytimes
-0.8225,Tue Jun 05 13:59:02 +0000 2018,0.556,0.444,0.0,"The Miss America Organization, confronting a harassment scandal, announced that it would scrap the swimsuit portion https://t.co/mvzQOrOLWm",82,@nytimes
0.0,Tue Jun 05 13:50:05 +0000 2018,1.0,0.0,0.0,"Weeks ago, Melania Trump essentially vanished from view. On Monday, she reappeared on the president‚Äôs schedule. https://t.co/6ne61DzXkv",83,@nytimes
0.0,Tue Jun 05 13:41:03 +0000 2018,1.0,0.0,0.0,"Iran announced that it had completed a new centrifuge assembly center at the Natanz nuclear site, in a first step t‚Ä¶ https://t.co/zz5BMBWSul",84,@nytimes
0.5994,Tue Jun 05 13:30:04 +0000 2018,0.794,0.0,0.206,The primaries in eight states this week might be considered Super Tuesday for female candidates https://t.co/PtK8l2DYKc,85,@nytimes
-0.2023,Tue Jun 05 13:14:05 +0000 2018,0.913,0.087,0.0,The quirks that make the California primary risky for Democrats also make it a leading indicator of the general ele‚Ä¶ https://t.co/egrodmyYTI,86,@nytimes
0.0,Tue Jun 05 13:00:12 +0000 2018,1.0,0.0,0.0,Morning¬†Briefing: Here's what you need to know to start your day https://t.co/trGRbMUKu0 https://t.co/TqjMRYfYTV,87,@nytimes
0.7506,Tue Jun 05 12:44:02 +0000 2018,0.67,0.0,0.33,A former Defense Intelligence Agency case officer repeatedly offered to be a double agent for the United States aga‚Ä¶ https://t.co/7FIZOLwSEY,88,@nytimes
0.7351,Tue Jun 05 12:30:08 +0000 2018,0.629,0.077,0.294,The U.S. Supreme Court on Monday ruled in favor of a Colorado baker who had refused to create a wedding cake for a‚Ä¶ https://t.co/i4EhfqATVe,89,@nytimes
0.4215,Tue Jun 05 12:14:03 +0000 2018,0.726,0.081,0.194,China is anxious to repair its tattered alliance with North Korea and is determined to play a dominant role in any‚Ä¶ https://t.co/qQczm6CQVU,90,@nytimes
0.0,Tue Jun 05 12:00:11 +0000 2018,1.0,0.0,0.0,"Your daily @DealBook Briefing:

‚Ä¢ Howard Schultz, former Starbucks CEO, just might run for president.¬†

‚Ä¢ Can a pol‚Ä¶ https://t.co/ryWB3Ig0XB",91,@nytimes
0.0,Tue Jun 05 11:44:02 +0000 2018,1.0,0.0,0.0,"Prosecutors said that Paul Manafort tried to contact witnesses by phone, through an intermediary and through an enc‚Ä¶ https://t.co/d6cF7LUCRl",92,@nytimes
0.0762,Tue Jun 05 11:31:05 +0000 2018,0.903,0.0,0.097,"""It proves that people don't read or pay attention,"" the principal said https://t.co/0zDrqeWlbE",93,@nytimes
-0.34,Tue Jun 05 11:14:03 +0000 2018,0.735,0.167,0.098,How policing idea transplanted from New York City created a generation of young men with criminal records https://t.co/DANZAZ1z7D,94,@nytimes
-0.296,Tue Jun 05 11:00:07 +0000 2018,0.756,0.147,0.097,"President Trump declared in a tweet on Monday that he had ""the absolute right"" to pardon himself for any crime https://t.co/zBDM19cemC",95,@nytimes
-0.6908,Tue Jun 05 10:45:05 +0000 2018,0.817,0.183,0.0,Harvey Weinstein is scheduled to be back in court on Tuesday morning to face an indictment on two counts of rape https://t.co/kCOogm9vsq,96,@nytimes
0.0,Tue Jun 05 10:31:08 +0000 2018,1.0,0.0,0.0,"""It is not part of the job description of an ambassador to interfere in the politics of his guest country,"" the hea‚Ä¶ https://t.co/Sb05vBoT4h",97,@nytimes
0.802,Tue Jun 05 10:14:04 +0000 2018,0.66,0.0,0.34,President Trump abruptly called off the White House celebration honoring the Super Bowl-champion Philadelphia Eagle‚Ä¶ https://t.co/XbzbDtsFP9,98,@nytimes
0.0,Tue Jun 05 10:00:08 +0000 2018,1.0,0.0,0.0,Morning¬†Briefing: Here's what you need to know to start your day https://t.co/TTxQGrcdm6 https://t.co/sJvQcxd6bp,99,@nytimes
0.0,Tue Jun 05 09:45:00 +0000 2018,1.0,0.0,0.0,"""If Orban had a person on the same wavelength in Slovenia, that would only add to his influence in Europe,"" said a‚Ä¶ https://t.co/mnQAgVgJpE",100,@nytimes
